"GDP per capita, current prices
 (U.S. dollars per capita)";1980;1981;1982;1983;1984;1985;1986;1987;1988;1989;1990;1991;1992;1993;1994;1995;1996;1997;1998;1999;2000;2001;2002;2003;2004;2005;2006;2007;2008;2009;2010;2011;2012;2013;2014;2015;2016;2017;2018;2019;2020;2021;2022;2023
Afghanistan;no data;no data;no data;no data;no data;no data;no data;no data;no data;no data;no data;no data;no data;no data;no data;no data;no data;no data;no data;no data;no data;no data;196,683;196,954;214,23;248,049;270,189;321,441;377,256;430,867;532,072;602,183;661,087;635,635;629,332;594,513;560,601;569,531;565,426;577,213;603,052;634,539;672,619;716,644
Albania;704,588;791,287;798,011;790,099;764,21;764,529;829,098;806,596;779,387;839,702;671,661;410,32;262,17;456,289;752,493;917,36;1009,967;717,381;818,32;1032,264;1127,64;1283,573;1425,125;1846,119;2373,58;2673,729;2975,623;3594,101;4377,04;4130,929;4098,125;4438,925;4248,814;4415,662;4584,914;3953,61;4132,208;4544,912;5260,901;5448,339;5860,246;6338,274;6873,993;7391,188
Algeria;2268,607;2305,505;2254,328;2316,679;2432,717;2753,697;2698,915;2705,111;2143,742;2127,866;2473,512;1819,984;1873,422;1894,946;1542,974;1499,143;1643,265;1658,732;1633,09;1630,071;1794,695;1768,577;1806,86;2128,385;2636,309;3141,027;3508,959;3986,564;4943,502;3886,059;4480,719;5453,894;5574,507;5477,055;5466,329;4153,326;3928,385;4033,902;4449,792;4645,659;4738,474;4759,444;4826,249;4962,672
Angola;814,575;742,315;723,183;734,426;758,449;829,231;754,806;841,298;888,559;1006,051;1078,609;1015,057;759,849;535,408;378,514;458,635;525,403;599,077;493,041;452,677;652,11;619,697;841,42;951,969;1222,038;1862,424;2561,859;3099,087;4081,688;3146,802;3641,444;4716,253;5245,023;5436,516;5625,736;4354,921;3676,826;4465,734;3924,347;3666,347;3702,478;3707,992;3757,571;3822,332
Antigua and Barbuda;1920,27;2177,102;2448,568;2752,963;3200,967;3764,001;4617,601;5455,277;6547,27;7273,222;7623,412;7927,571;8084,421;8474,018;9097,242;8675,225;9266,488;9678,3;10074,768;10349,505;10981,376;10414,643;10482,368;10893,152;11582,523;12738,001;14264,568;15996,056;16514,078;14616,947;13613,471;13346,768;14006,82;13646,308;14488,092;15282,667;16175,594;16702,484;17476,74;18165,831;18790,656;19342,39;19910,324;20494,934
Argentina;8106,24;6467,988;3158,507;3841,894;4241,377;3149,677;3739,41;3790,752;4386,527;2779,87;4709,661;6233,393;7420,317;7558,499;8125,908;8053,119;8385,153;8918,826;9005,377;8452,876;8386,587;7851,658;2898,289;3648,061;4314,397;5163,55;5976,082;7315,726;9146,79;8337,811;10412,945;12787,806;13889,792;14488,829;13208,831;14895,316;12708,865;14462,92;10667,104;9054,77;9766,747;10352,778;10926,334;11481,666
Armenia;no data;no data;no data;no data;no data;no data;no data;no data;no data;no data;no data;no data;31,321;247,884;196,98;399,576;503,774;521,869;608,415;597,241;620,638;692,287;779,122;923,387;1180,399;1628,063;2128,151;3079,031;3913,436;2911,763;3121,778;3417,172;3575,529;3732,035;3889,004;3529,026;3526,336;3857,179;4190,152;4446,617;4705,273;4985,789;5285,413;5604,307
Aruba;no data;no data;no data;no data;no data;no data;no data;no data;no data;no data;no data;no data;no data;no data;no data;16546,617;16620,854;17751,072;18825,012;19215,013;20678,398;20909,299;21081,787;21704,381;23421,303;23874,635;24389,24;26114,088;27204,889;24594,675;23468,6;24801,812;24236,809;24253,141;24577,389;24647,278;23978,2;24371,203;24881,454;25229,388;25563,684;25989,719;26447,527;26911,258
Australia;10987,836;12506,031;12212,916;11571,278;12552,612;10947,982;11225,114;12975,43;16216,978;18171,762;18837,364;18632,941;18081,909;17423,683;19703,903;20867,554;23105,998;22993,456;20339,652;21716,417;20841,157;19423,899;21637,018;27204,067;32711,983;36122,349;37829,233;45041,769;49083,92;45617,781;56357,41;67104,954;68321,336;65064,275;61546,548;51404,406;51861,44;55692,73;56698,098;57203,578;59229,284;61047,7;63229,438;65627,338
Austria;10731,967;9280,738;9267,674;9417,245;8882,639;9090,805;12886,109;16093,032;17632,834;17547,831;21827,464;22621,905;25068,425;24152,686;25725,585;30350,562;29820,629;26737,482;27399,071;27209,314;24631,6;24554,263;26482,842;32290,938;36871,579;38477,287;40672,629;46922,406;51953,557;48095,38;46958,519;51441,105;48615,802;50748,087;51801,379;44296,59;44733,406;47347,437;51707,556;52474,348;54868,46;56803,587;58980,515;60990,141
Azerbaijan;no data;no data;no data;no data;no data;no data;no data;no data;no data;no data;no data;no data;159,971;174,875;297,162;316,227;411,14;508,043;543,344;576,005;656,386;674,783;760,812;879,863;1039,818;1571,292;2458,421;3818,274;5578,556;4963,769;5880,806;7242,806;7545,873;7926,094;7939,169;5300,136;3895,669;4140,65;4586,771;4778,632;4888,648;4967,881;5054,28;5173,688
Bahamas, The;12289,317;12493,757;13746,784;14958,649;15627,02;16797,767;17850,615;19326,116;19683,617;21814,317;20456,268;19767,724;19417,225;18979,015;19660,926;20271,258;20974,542;21951,765;23300,808;25780,484;26669,443;27060,515;28477,069;28043,468;28239,082;30269,043;30908,214;31894,404;31248,612;29296,501;29303,265;28906,982;30433,059;29836,143;30422,013;32378,731;32147,404;32660,566;34332,982;35861,438;36708,612;37312,92;38061,628;38635,142
Bahrain;10189,612;11061,394;11221,699;11117,659;11163,436;10182,368;7695,805;8049,364;9602,789;9668,043;10179,632;10252,365;10536,823;11290,27;11777,073;12143,091;12298,65;12422,116;11565,971;12210,221;14214,58;13894,343;13501,551;14486,061;15963,978;17966,224;19267,567;20908,338;23236,055;19465,292;20827,719;24080,43;25434,451;25965,29;25398,355;22714,241;22636,718;24325,794;26531,78;27538,299;27926,094;28368,622;28772,777;29208,218
Bangladesh;274,333;260,211;231,987;236,75;262,124;262,553;267,979;287,84;302,588;324,93;329,494;331,729;324,429;332,768;353,908;383,095;393,525;402,894;407,35;415,371;412,334;406,41;419,69;454,097;485,663;495,486;523,025;584,5;655,954;728,387;807,531;857,496;916,025;1030,028;1163,041;1303,18;1458,851;1602,555;1736,29;1881,969;2035,412;2199,354;2376,402;2567,008
Barbados;4071,933;4481,597;4682,547;4971,029;5418,577;5670,823;6226,14;6856,284;7292,537;8070,922;8094,688;8128,647;7828,673;8299,702;8185,546;8431,904;8983,9;9442,256;10618,683;11101,93;11368,498;11317,19;11471,21;11817,214;12630,29;13970,72;15392,156;17014,953;17380,767;16185,705;16380,375;16803,903;16593,826;16797,553;16827,821;16893,664;17266,199;17757,58;18365,986;18451,76;18876,585;19565,496;20347,457;21160,69
Belarus;no data;no data;no data;no data;no data;no data;no data;no data;no data;no data;no data;no data;1210,104;1076,142;1481,461;1000,204;1375,754;1341,854;1452,41;1165,601;1277,052;1247,469;1480,153;1811,855;2370,274;3115,513;3838,293;4726,479;6366,189;5345,325;6023,149;6472,739;6938,067;7977,147;8316,012;5941,24;5022,472;5727,385;6020,043;6372,278;6637,847;6903,657;7208,687;7670,877
Belgium;12596,432;10421,61;9177,46;8672,346;8288,99;8614,531;11937,381;14819,379;16094,351;16184,35;20227,662;20673,831;22945,228;21839,937;23750,957;28610,841;27747,821;25086,126;25602,854;25508,517;23298,473;23189,549;25186,094;30857,164;35711,777;37143,191;39020,228;44638,2;48850,72;45176,012;44691,258;47951,073;44976,954;46784,987;47546,852;40514,1;41352,051;43488,492;46978,654;47532,382;49426,413;50996,515;52788,139;54473,892
Belize;1148,111;1193,646;1170,803;1200,667;1304,267;1258,664;1332,602;1518,633;1759,218;1976,865;2179,95;2291,929;2603,278;2729,91;2751,794;2863,58;2888,603;2845,15;2888,405;3013,08;3330,955;3388,367;3516,41;3618,466;3743,261;3818,446;4040,716;4143,093;4249,069;4141,123;4317,435;4475,383;4617,685;4610,937;4773,721;4855,441;4842,019;4806,493;4830,014;4890,193;4932,441;4961,319;4995,026;5034,841
Benin;463,279;302,87;290,907;249,415;257,923;270,981;338,366;391,603;398,296;359,376;424,693;419,748;450,629;423,975;285,164;370,875;390,36;363,909;380,166;404,155;375,215;378,979;419,994;520,205;583,996;602,79;626,338;706,995;823,982;795,512;759,065;826,7;838,435;916,135;946,498;786,172;791,495;831,1;923,25;971,352;1031,803;1099,551;1156,446;1222,004
Bhutan;307,957;323,738;331,996;350,04;353,646;356,027;389,913;456,239;506,507;493,323;524,929;455,209;451,704;480,266;494,125;581,144;606,11;668,031;715,848;730,512;773,491;783,204;842,667;932,757;1056,226;1171,862;1288,486;1501,905;1865,177;1721,428;1998,765;2382,108;2445,204;2451,849;2387,788;2604,186;2675,388;2990,924;3211,326;3419,175;3604,322;3822,144;4103,351;4415,756
Bolivia;695,535;615,66;668,55;619,896;631,152;668,921;640,939;683,624;712,146;715,525;723,42;777,891;804,735;795,05;804,712;885,679;955,574;1005,873;1057,72;1010,58;1005,409;959,844;914,958;918,468;979,59;1049,064;1240,94;1399,8;1749,2;1789,604;1994,911;2394,789;2664,571;2969,52;3146,851;3099,454;3137,626;3412,813;3719,247;3941,74;4188,459;4443,416;4713,065;5008,581
Bosnia and Herzegovina;no data;no data;no data;no data;no data;no data;no data;no data;no data;no data;no data;no data;no data;no data;no data;no data;947,953;1220,09;1408,122;1533,908;1474,45;1533,616;1777,342;2242,967;2686,001;2891,677;3296,751;4060,061;4971,824;4697,839;4611,347;5050,025;4716,643;5036,032;5194,014;4584,264;4808,299;5180,778;5703,869;5916,943;6337,623;6750,714;7233,022;7731,39
Botswana;1199,223;1039,432;1057,51;1126,868;1079,237;968,951;1267,145;1915,113;2398,684;2584,231;2750,806;2673,588;2684,209;2629,778;2755,722;2984,191;3006,151;3025,699;2841,934;3173,687;3301,212;3090,261;3017,716;4119,412;4840,806;5338,237;5352,865;5676,255;5641,182;5183,686;6374,994;7503,961;7710,797;7007,254;7497,686;6538,589;6959,376;7584,499;8167,977;8316,5;8693,125;9070,901;9466,501;10049,815
Brazil;1229,447;1382,058;1445,715;1134,529;1105,46;1718,904;1954,375;2086,704;2288,611;3086,832;3105,013;2676,886;2522,84;2786,175;3493,998;4950,659;5192,802;5321,161;5130,984;3507,4;3778,877;3183,499;2856,942;3087,471;3654,374;4810,691;5906,249;7369,461;8849,837;8617,229;11292,866;13242,514;12368,68;12293,823;12112,31;8803,352;8701,09;9895,765;9126,864;9159,549;9559,617;9976,348;10418,469;10884,704
Brunei Darussalam;no data;no data;no data;no data;no data;19979,818;11946,922;13281,59;12241,233;13457,077;15422,566;15773,381;17386,219;16664,546;16140,896;18292,06;19282,327;19120,874;14526,109;16112,075;20511,076;18680,432;18845,723;20821,905;24294,89;28589,055;33253,615;34811,045;42678,823;31287,184;35437,219;47092,296;47736,288;44716,289;41630,539;31047,072;26967,623;28278,434;33824,101;34559,082;34276,788;35830,979;37262,307;37732,231
Bulgaria;2818,226;3029,505;3148,774;3226,338;3421,643;2930,406;2599,523;3025,765;4973,359;5101,198;2267,396;224,185;919,068;504,076;895,398;1514,293;1153,869;1228,132;1631,94;1673,66;1613,935;1783,719;2074,575;2689,768;3344,622;3839,448;4444,514;5812,68;7152,785;6859,679;6743,737;7836,578;7399,392;7695,689;7877,094;7017,109;7496,077;8077,009;9080,255;9504,067;10187,416;10841,015;11568,239;12292,876
Burkina Faso;291,201;247,214;224,62;200,203;174,548;200,896;256,767;291,129;313,06;304,852;351,985;346,407;361,049;334,946;196,026;235,832;249,36;229,493;255,718;267,017;226,844;237,449;261,756;332,878;371,688;407,819;420,869;475,793;572,441;554,18;574,328;667,452;674,196;700,24;704,983;575,621;606,554;654,869;734,033;767,702;818,4;867,265;920,631;965,977
Burundi;232,381;234,94;241,083;247,995;218,999;247,644;253,424;231,932;211,184;213,175;207,113;207,674;187,243;162,572;157,474;167,177;142,588;157,054;141,755;133,412;130,225;127,349;116,392;108,066;122,381;148,71;164,575;170,174;195,79;208,78;231,549;247,097;250,118;267,696;296,186;294,496;298,006;312,463;306,966;309,87;312,732;315,731;323,712;335,157
Cabo Verde;541,435;522,81;517,666;499,536;466,312;476,329;645,817;783,24;861,862;853,014;957,369;974,873;1062,47;1046,265;1149,124;1342,454;1351,814;1292,61;1348,93;1502,101;1332,05;1365,332;1479,593;1908,977;2159,232;2278,165;2566,454;3129,819;3692,003;3524,33;3413,263;3801,454;3463,269;3614,463;3590,051;3042,979;3131,473;3300,989;3622,206;3733,596;3961,084;4173,598;4410,07;4643,107
Cambodia;no data;no data;no data;no data;no data;no data;25,707;17,116;32,608;39,704;99,833;215,671;252,491;242,479;265,056;319,537;316,188;302,166;267,864;293,699;299,982;320,046;337,501;360,659;405,629;470,683;536,151;627,78;741,855;734,655;781,912;877,635;945,702;1009,343;1090,709;1163,414;1270,484;1379,342;1485,327;1598,602;1715,824;1838,472;1964,062;2098,053
Cameroon;928,577;1022,233;953,543;935,494;962,85;979,483;1242,483;1399,288;1380,513;1194,707;1159,858;1254,628;1115,886;1130,159;746,71;688,963;746,867;734,603;713,686;707,439;630,698;649,524;705,615;862,274;1004,871;1007,39;1056,26;1187,884;1368,943;1309,147;1282,461;1402,671;1357,119;1471,227;1552,471;1338,603;1377,865;1441,379;1544,959;1573,141;1650,165;1721,63;1805,436;1890,104
Canada;11239,37;12354,983;12498,455;13441,102;13894,725;14130,792;14479,26;16339,176;18965,345;20762,879;21494,446;21807,156;20914,144;20144,952;19962,769;20640,861;21256,803;21857,067;20974,36;22263,217;24220,275;23776,634;24208,773;28239,455;32075,701;36313,445;40440,003;44599,148;46660,868;40831,097;47512,679;52143,843;52577,195;52497,441;50702,105;43559,73;42418,496;45094,605;46733,032;48601,046;51229,44;53801,227;56736,621;59734,421
Central African Republic;313,369;316,495;298,747;279,719;265,441;340,227;431,342;465,181;490,939;474,879;539,656;502,896;489,786;418,922;268,106;340,988;298,443;285,804;296,103;290,99;243,232;242,266;255,649;289,835;322,802;337,641;362,233;413,345;474,39;464,514;456,564;495,035;480,053;329,444;362,872;330,563;359,339;388,655;454,065;489,546;526,118;561,649;599,985;638,974
Chad;167,345;193,153;182,076;177,734;186,265;196,954;236,6;261,657;298,418;274,973;323,311;312,824;318,428;271,777;215,007;248,074;269,041;252,174;277,79;238,555;210,22;252,489;286,299;360,039;566,763;738,191;803,767;913,804;1067,748;931,257;1044,941;1161,41;1154,887;1180,002;1239,03;946,401;851,193;810,158;889,647;918,405;996,835;1054,668;1115,145;1155,464
Chile;2579,93;3004,742;2204,389;1762,224;1687,029;1424,37;1504,439;1743,889;2021,055;2289,459;2503,878;2829,749;3385,992;3559,35;4035,81;5112,853;5345,738;5738,455;5438,711;4941,329;5053,618;4557,69;4450,299;4776,074;6200,818;7608,622;9482,118;10516,22;10756,287;10222,426;12792,168;14610,262;15307,805;15788,093;14620,41;13548,617;13737,976;15067,724;16143,419;16277,42;17022,44;17763,734;18512,397;19296,961
China, People's Republic of;309,354;290,617;282,054;298,692;303,408;295,336;282,158;302,199;371,015;409,094;348,651;358,826;423,032;525,708;472,65;608,375;708,58;780,854;827,641;872,226;958,566;1053,129;1150,227;1293,124;1512,635;1765,732;2110,563;2703,003;3467,03;3837,903;4524,055;5582,887;6329,464;7080,828;7701,691;8166,756;8115,828;8643,107;9633,099;10098,538;10971,463;11853,18;12773,634;13780,025
Colombia;1629,099;1736,152;1819,306;1769,966;1711,856;1572,193;1542,359;1572,577;1660,552;1640,393;1637,503;1658,071;1923,575;2139,177;2640,385;2939,102;3037,632;3291,581;2992,93;2588,918;2455,11;2383,312;2347,506;2240,207;2737,578;3384,606;3717,547;4684,022;5444,823;5170,526;6285,198;7264,12;7950,369;8103,474;7998,833;6088,678;5800,253;6379,606;6761,223;7049,35;7217,207;7441,402;7728,907;8076,084
Comoros;429,869;367,044;340,104;322,463;307,777;303,118;398,188;466,449;477,398;442,712;541,682;581,286;615,15;596,546;390,844;477,158;464,134;418,543;416,315;421,218;374,641;399,109;446,955;564,642;615,437;641,618;651,581;732,773;816,981;802,234;793,273;866,916;823,779;884,68;899,414;750,584;762,738;787,897;877,193;853,984;887,423;916,74;951,577;984,403
Congo, Dem. Rep. of the;2389,497;2013,735;2119,585;1654,969;1069,067;945,84;1027,324;941,553;1056,053;1040,305;1043,394;980,857;857,123;1083,618;569,18;535,473;669,972;589,051;422,612;376,174;363,867;151,345;156,764;156,295;175,255;196,635;228,375;253,789;288,033;267,744;292,955;338,627;368,785;424,418;452,93;470,151;467,414;478,218;478,321;501,647;514,699;515,038;518,463;524,871
Congo, Republic of ;1311,065;1042,618;881,785;777,733;693,686;690,061;915,602;1079,073;1113,618;1107,124;1260,674;1191,066;1250,849;1116,788;718,177;837,921;981,466;875,412;716,86;845,576;1126,961;954,134;1006,064;1138,187;1475,48;1886,102;2335,388;2192,48;2936,932;2624,081;3364,131;3950,862;3555,944;3561,155;3492,5;2067,086;1835,828;2005,336;2571,672;2645,692;2473,477;2233,83;2138,974;2043,24
Costa Rica;2100,757;1107,138;1067,872;1252,589;1415,777;1472,762;1605,215;1606,451;1591,981;1756,797;1873,621;2318,477;2688,046;2927,069;3105,446;3327,394;3265,484;3437,063;3638,579;3703,133;3927,591;4029,576;4108,169;4213,892;4470,856;4743,154;5295,906;6187,386;7003,463;6897,244;8264,202;9260,859;10054,526;10632,948;10679,134;11422,598;11779,244;11728,613;12095,044;12566,797;13133,936;13731,292;14378,564;15066,975
Croatia;no data;no data;no data;no data;no data;no data;no data;no data;no data;no data;no data;no data;2589,343;2804,481;3834,654;5027,779;5251,656;5243,58;5631,165;5132,691;4970,211;5409,891;6241,222;8051,027;9354,099;10208,612;11348,389;13550,444;15892,036;14159,41;13550,438;14579,303;13249,445;13664,967;13610,802;11779,008;12370,61;13271,376;14637,462;15137,43;16069,31;16935,414;18096,383;18831,45
Cyprus;4549,59;4352,502;4452,666;4399,223;4575,652;4824,674;6057,903;7188,216;8204,3;8635,765;10359,998;10413,726;12158,597;11342,407;12525,318;15396,919;15260,362;14323,919;15181,803;15379,519;14464,816;14904,894;16188,667;20389,019;23969,818;25527,08;27449,083;31774,607;36030,355;32635,917;31261,236;32692,698;29066,268;27825,87;27267,428;23243,215;23766,305;25380,484;27864,523;28888,118;30948,646;32657,706;34532,326;36292,153
Czech Republic;no data;no data;no data;no data;no data;no data;no data;no data;no data;no data;no data;no data;no data;no data;no data;5784,097;6490,091;5993,003;6453,428;6304,157;5997,685;6599,308;8028,361;9777,814;11687,92;13362,343;15206,395;18434,536;22819,462;19787,766;19831,401;21736,836;19739,899;19912,51;19768,84;17728,702;18485,235;20401,577;23085,19;24938,485;26915,696;28804,896;30518,555;32190,432
Côte d'Ivoire;1256,063;1017,796;879,167;754,947;732,212;719,026;926,032;980,695;981,953;903,102;960,018;897,075;917,389;826,888;604,249;776,945;833,759;784,715;822,892;787,07;664,259;676,153;726,988;878,415;925,951;931,407;945,846;1053,562;1222,774;1194,375;1193,214;1199,676;1220,329;1388,016;1528,191;1397,297;1494,7;1621,403;1791,372;1879,954;2019,22;2153,22;2297,205;2427,388
Denmark;13886,37;12076,174;11801,273;11852,891;11561,767;12259,279;17215,426;21349,948;22528,114;21913,155;26920,581;27052,653;29622,474;27640,496;30050,878;35471,255;35732,689;32897,57;33426,974;33492,354;30798,717;30806,607;33275,556;40512,045;46571,283;48872,095;52121,249;58641,193;64531,119;58286,537;58177,162;61864,093;58623,414;61325,575;62729,499;53235,651;53773,639;56630,596;61226,976;62041,099;64644,205;67135,792;69993,236;72863,231
Djibouti;no data;no data;no data;no data;no data;no data;no data;no data;no data;no data;934,297;929,131;934,386;886,101;909,389;895,477;864,577;855,79;851,679;870,939;871,161;880,352;884,072;905,262;934,845;967,29;1020,629;1094,968;1235,838;1240,597;1306,536;1433,171;1522,945;1592,86;1690,668;1788,363;1902,754;1988,765;2084,856;2218,049;2344,271;2477,676;2618,672;2767,692
Dominica;no data;1112,642;1217,573;1346,688;1495,272;1642,752;1864,889;2102,964;2377,904;2582,185;2819,552;3087,299;3287,848;3448,673;3713,105;3855,291;4104,42;4254,367;4526,684;4657,561;4681,178;4775,344;4680,264;4825,77;5165,218;5127,438;5497,251;5939,91;6463,44;6903,996;6975,991;7082,209;6868,992;7187,65;7466,584;7564,368;8220,134;7879,139;6860,069;7625,832;8287,502;8745,44;9127,892;9417,508
Dominican Republic;1534,317;1677,447;1545,099;1562,13;2397,598;1022,611;1212,354;1245,272;1113,835;1230,744;1123,244;1365,232;1573,686;1741,669;1916,439;2141,061;2309,916;2495,032;2658,543;2674,828;2894,303;3007,381;3158,393;2460,554;2540,849;4008,356;4188,715;4803,473;5194,799;5151,172;5688,751;6063,35;6274,865;6413,934;6693,685;6903,42;7189,4;7477,616;7891,294;8267,178;8673,142;9080,585;9507,168;9965,725
Ecuador;2097,141;2087,382;2026,375;1732,499;1794,733;2044,313;1461,92;1332,147;1234,671;1182,529;1173,126;1286,617;1375,712;1572,842;1858,323;1980,373;2037,13;2253,233;2257,861;1598,768;1461,838;1909,424;2180,386;2434,977;2700,118;3025,012;3351,476;3588,311;4267,473;4241,938;4633,247;5192,875;5664,886;6030,502;6347;6099,351;6046,302;6216,606;6301,074;6277,577;6290,939;6347,744;6426,462;6517,04
Egypt;580,042;617,659;711,351;846,388;925,97;1049,33;1132,456;1585,217;1858,029;2266,442;1870,847;923,843;825,448;906,804;978,537;1111,782;1221,885;1342,925;1469,317;1532,889;1642,629;1569,035;1356,683;1254,101;1195,373;1330,459;1563,479;1861,052;2270,356;2578,046;2921,757;3077,343;3383,113;3400,321;3524,418;3731,177;3686,07;2495,02;2572,382;3005,243;3343,835;3459,152;3579,193;3817,427
El Salvador;830,321;723,863;709,196;675,089;490,653;473,306;471,735;473,953;545,548;613,809;917,627;985,43;1076,555;1221,256;1386,17;1590,365;1690,71;1783,893;1892,157;1935,54;2007,654;2078,263;2132,019;2218,407;2287,468;2437,48;2640,245;2797,985;2943,844;2866,713;2994,793;3276,863;3438,288;3516,384;3596,472;3671,32;3771,645;3894,736;4041,039;4188,57;4363,103;4537,118;4723,802;4920,917
Equatorial Guinea;143,872;125,994;140,562;145,98;149,718;235,985;276,579;325,31;339,574;289,43;356,344;341,024;400,521;391,041;280,181;381,481;605,21;1115,206;905,263;1469,641;2230,362;3128,49;3738,426;6621,358;10154,496;13557,036;16228,886;20436,76;30013,898;22202,516;23411,827;29789,825;30408,456;28985,72;27936,759;16488,186;13708,152;14817,829;15294,314;14614,65;14147,235;13954,782;13926,749;14442,892
Eritrea;no data;no data;no data;no data;no data;no data;no data;no data;no data;no data;no data;no data;228,342;141,275;163,487;180,681;213,475;214,166;219,756;208,742;182,647;188,674;177,498;205,687;254,742;245,357;263,273;278,986;284,696;373,464;415,537;500,094;573,163;643,774;710,245;779,326;860,273;979,692;1111,561;1253,384;1294,736;1471,948;1677,447;1915,42
Estonia;no data;no data;no data;no data;no data;no data;no data;no data;no data;no data;no data;no data;no data;1159,899;1662,133;2642,874;3351,762;3623,811;4055;4129,787;4084,362;4509,296;5325,038;7186,936;8859,481;10352,252;12613,018;16606,571;18162,457;14771,009;14672,328;17470,842;17431,54;19078,213;19969,128;17164,51;17744,131;19735,347;22416,701;23653,876;25366,939;27043,996;28828,846;30601,136
Eswatini;1385,639;1423,398;1237,354;1236,186;1022,977;780,014;958,218;1199,787;1364,154;1337,329;1588,635;1604,55;1739,7;1791,226;1903,152;2222,678;2059,674;2154,565;1935,685;1864,871;1812,122;1591,704;1470,135;2238,673;2808,423;3187,268;3264,075;3396,65;3197,672;3448,804;4210,309;4523,705;4468,26;4176,427;3962,003;3594,818;3285,111;3850,545;4092,877;4133,344;4207,007;4265,22;4366,934;4490,954
Ethiopia;215,178;215,599;220,557;237,661;217,423;246,507;247,981;256,699;257,56;262,233;269,082;287,651;293,35;176,465;151,965;152,658;155,121;152,171;134,226;128,213;129,678;125,722;116,789;120,873;138,553;165,218;198,344;249,209;334,145;397,808;360,829;379,381;503,989;548,048;628,342;720,617;802,121;872,84;890,565;921,851;999,57;1076,613;1153,755;1239,845
FYR Macedonia;no data;no data;no data;no data;no data;no data;no data;no data;no data;no data;no data;no data;1263,863;1383,543;1824,418;2387,158;2348,109;1980,429;1888,755;1931,989;1878,237;1839,616;1974,061;2440,813;2796,622;3071,897;3359,608;4076,296;4838,148;4579,092;4576,228;5174,894;4728,267;5239,722;5498,606;4860,421;5188,432;5474,423;5953,262;6142,558;6535,948;6917,436;7353,815;7798,014
Fiji;1941,876;1947,628;1833,922;1682,16;1727,279;1647,503;1845,552;1678,205;1579,6;1650,08;1808,634;1857,778;2039,966;2160,826;2392,427;2561,814;2746,468;2677,231;2102,211;2444,91;2103,817;2056,937;2266,294;2824,116;3301,379;3608,577;3699,208;4034,938;4187,669;3395,695;3697,237;4422,608;4632,025;4863,456;5179,865;4995,77;5232,277;5527,537;5876,552;6230,954;6606,747;7005,204;7420,503;7868,046
Finland;11257,795;10990,447;11036,936;10545,058;10889,934;11488,754;14998,341;18632,076;22122,56;24040,639;28505,543;25665,172;22514,811;17669,829;20433,664;26349,385;25827,21;24744,561;26054,154;26242,128;24342,604;24963,415;26946,518;32915,019;37736,545;39103;41238,707;48463,305;53785,144;47337,938;46391,713;50960,182;47553,397;49766,126;50087,853;42505,91;43582,433;45927,492;50068,076;50878,536;53133,385;55021,316;57067,258;58996,16
France;13069,505;11456,04;10822,037;10292,761;9697,432;10108,561;13947,316;16793,955;18240,997;18236,767;22490,289;22406,387;24590,746;23082,715;24262,184;27741,294;27720,861;25028,466;25818,37;25549,696;23207,839;23240,837;25113,254;30675,365;35004,53;36082,12;37793,808;43059,907;47191,131;43176,385;42181,583;45410,097;42371,124;44145,229;44616,405;37937,853;38200,283;39932,686;42930,768;43499,726;45352,578;46974,171;48789,596;50502,022
Gabon;6093,615;5376,616;4930,527;4619,015;4346,388;4478,468;5735,355;4245,955;4581,144;4899,234;6815,634;5993,32;6015,511;5677,618;4293,942;4956,842;5552,917;5068,093;4161,617;4222,734;4477,321;4065,16;4206,24;5014,408;5835,668;6947,513;7270,687;8652,12;10426,212;7854,2;8933,942;10891,096;9903,189;9760,882;9746,775;7453,113;7082,302;7373,128;8384,735;8555,537;8922,407;9266,496;9518,113;9947,561
Gambia, The;1117,904;1006,711;918,451;888,186;613,246;716,477;537,175;691,742;771,322;778,464;877,234;889,162;921,341;932,24;892,217;904,37;916,463;908,28;906,41;903,464;854,358;822,49;704,994;648,807;716,938;746,113;718,073;827,647;1015,355;907,499;963,529;800,32;789,626;735,236;656,497;693,01;708,855;704,699;739,94;761,231;790,17;819,156;848,899;877,015
Georgia;no data;no data;no data;no data;no data;no data;no data;no data;no data;no data;no data;no data;no data;no data;167,794;397,848;655,332;770,192;800,675;627,58;689,35;731,21;776,793;924,35;1201,953;1522,416;1862,95;2478,769;3158,884;2693,734;2951,244;3710,701;4130,549;4266,593;4428,262;3761,91;3884,017;4085,834;4505,764;4805,968;5196,285;5644,356;6133,816;6670,394
Germany;11067,707;9294,292;8980,869;8991,058;8505,461;8646,016;12340,143;15353,218;16452,169;16170,706;20172,523;23364,326;26432,955;25568,585;27244,565;31901,248;30743,139;27253,126;27580,223;27053,846;24003,789;23945,534;25565,13;30779,565;34646,669;35236,678;37018,783;42531,246;46681,071;42576,208;42641,416;46852,925;44089,275;46544,947;48218,87;41415,169;42460,686;44769,224;48669,628;49692,145;52277,638;54627,197;57245,637;59718,203
Ghana;2495,65;4018,092;4543,805;2861,91;980,752;802,616;710,994;586,848;612,613;603,545;698,034;765,265;733,812;629,757;560,272;648,477;678,106;657,217;695,754;699,831;440,557;458,197;518,345;625,627;709,83;836,35;952,758;1126,861;1266,113;1107,394;1357,644;1627,899;1682,583;1870,158;1479,018;1372,174;1551,767;1662,585;1786,652;1924,169;2011,687;2085,262;2167,242;2275,394
Greece;5948,312;5422,695;5623,925;5050,595;4895,517;4832,492;5670,974;6577,878;7632,639;7879,212;9679,318;10282,862;11234,158;10451,746;11122,873;12997,524;13776,698;13484,135;13526,691;13901,672;12268,253;12577,02;14171,836;18530,221;22007,85;22624,066;24857,207;28899,948;32198,014;29819,229;26972,873;25896,934;22171,911;21805,257;21726,89;18018,04;17875,98;18637,27;20311,014;20930,472;22047,785;22989,56;23917,387;24685,266
Grenada;1246,003;1276,906;1347,451;1373,168;1478,411;1678,863;1873,217;2163,51;2410,287;2759,682;2888,348;3118,149;3191,017;3151,541;3270,578;3413,022;3640,139;3878,391;4401,422;4751,576;5117,59;5109,959;5292,233;5773,074;5836,178;6754,513;6766,487;7324,191;7947,445;7395,089;7365,667;7410,478;7583,189;7956,077;8574,014;9342,059;9857,475;10405,303;11031,941;11630,133;12183,238;12745,595;13327,418;13935,658
Guatemala;1014,948;1081,263;1067,959;1081,019;1102,926;1269,503;669,266;755,753;798,248;897,807;767,058;916,058;991,381;1052,61;1165,427;1279,143;1335,423;1479,006;1570,72;1448,276;1475,207;1568,379;1701,769;1753,339;1872,738;2077,835;2256,559;2489,954;2794,241;2635,743;2825,507;3187,836;3299,603;3452,83;3687,748;3923,56;4140,717;4469,457;4582,654;4698,605;4901,779;5096,784;5282,427;5472,901
Guinea;no data;no data;no data;no data;no data;no data;no data;no data;no data;no data;616,328;660,444;678,626;639,332;626,432;655,749;656,708;628,192;591,511;557,831;461,784;427,879;444,663;517,03;538,88;470,57;426,419;628,711;675,387;637,478;631,291;540,562;637,791;712,982;729,798;712,047;687,118;790,321;865,251;914,762;965,762;1018,98;1068,072;1116,307
Guinea-Bissau;218,699;273,941;305,168;337,149;229,638;330,465;316,017;262,605;239,877;282,621;337,82;465,072;498,383;376,258;414,591;428,799;399,43;371,27;329,053;347,737;304,618;311,913;328,781;375,135;409,126;442,734;436,702;502,821;613,081;571,99;582,54;736,686;649,026;671,136;662,382;643,916;708,398;793,622;851,536;883,674;944,053;1003,603;1070,632;1140,33
Guyana;739,531;711,499;587,896;634,647;632,507;645,046;711,736;891,358;836,085;1072,803;905,709;1024,369;837,991;1001,878;1209,223;1366,164;1528,558;1618,376;1511,149;1549,823;1513,77;1517,114;1560,957;1612,484;1697,202;1766,006;1956,018;2334,01;2560,997;2693,189;3004,231;3414,761;3779,463;3926,363;4029,779;4168,479;4531,241;4578,204;4648,722;4938,551;5930,64;6895,977;7570,429;9168,918
Haiti;260,453;281,633;287,754;303,4;330,237;360,211;393,132;190,252;123,631;112,003;139,691;123,002;72,415;81,256;231,269;359,759;364,991;411,606;450,945;494,256;462,491;413,718;393,004;329,766;387,951;465,33;505,495;615,81;674,858;668,272;662,013;740,848;766,807;810,172;829,911;809,672;753,91;783,789;874,043;893,974;919,208;949,718;976,86;995,589
Honduras;965,369;1027,84;1026,636;1055,263;1104,026;1174,226;1192,962;1262,822;1365,687;1482,571;850,16;832,248;902,651;901,375;860,229;968,433;911,308;979,457;1063,53;1049,427;1137,825;1187,493;1196,349;1228,48;1298,936;1405,781;1547,264;1720,766;1899,55;1962,068;2096,203;2315,744;2395,103;2356,901;2481,453;2598,097;2642,706;2766,271;2829,03;2866,762;2900,19;2950,075;3023,685;3115,624
Hong Kong SAR;5664,005;5953,184;6096,008;5551,001;6127,277;6444,906;7328,419;8980,83;10453,711;11928,483;13280,622;15190,414;17586,418;19925,115;22038,531;22908,926;24698,956;27214,595;25649,085;24969,005;25574,491;25166,902;24731,081;23856,482;24873,898;26551,769;28028,157;30494,551;31487,94;30593,991;32422,056;34951,031;36619,811;38230,066;40182,28;42321,712;43499,075;46080,481;48231,33;50566,527;53201,742;55908,224;58941,899;62025,21
Hungary;2151,154;2206,805;2249,656;2046,101;1989,614;2022,666;2338,458;2582,471;2838,147;2909,278;3311,809;3349,737;3732,9;3870,548;4168,426;4491,82;4520,861;4590,835;4744,21;4795,711;4628,314;5276,6;6655,221;8413,014;10293,93;11218,384;11442,31;13913,878;15843,733;13024,296;13061,032;14106,012;12858,018;13645,442;14191,288;12461,747;12802,409;14209,443;16016,041;16905,674;18069,609;19146,494;20275,871;21380,059
Iceland;14891,371;15180,741;13733,604;11665,24;11971,494;12377,097;16383,351;22381,32;24304,847;22388,224;25336,306;26665,354;27000,162;23426,394;23887,012;26523,695;27603,209;27832,316;30807,812;32150,66;31774,465;28632,507;32220,43;39281,622;47124,767;56062,127;55957,088;68202,042;56064,583;41446,519;42969,394;47433,463;45747,274;49232,277;53959,552;52158,357;61226,794;70248,268;75699,62;79270,739;83924,53;88133,599;92749,095;97659,425
India;276,35;280,764;284,468;303,761;288,563;311,426;324,248;356,246;368,341;361,454;385,378;318,104;332,497;315,42;362,366;391,249;418,63;434,709;432,225;462,218;462,978;471,701;491,989;571,555;656,517;747,335;837,46;1076,835;1048,735;1153,188;1422,929;1497,746;1481,562;1485,595;1610,355;1638,758;1749,164;1976,093;2016,152;2188,029;2379,514;2584,827;2803,494;3039,994
Indonesia;673,239;736,992;741,946;659,474;672,201;658,217;610,234;562,902;621,934;696,874;770,757;847,573;907,767;1013,057;1115,613;1254,023;1394,497;1308,114;572,09;829,574;870,154;834,139;1002,907;1186,845;1280,696;1403,876;1764,79;2064,232;2418,043;2464,956;3178,133;3688,531;3744,53;3684;3533,606;3369,355;3604,281;3875,769;3788,952;3970,605;4318,641;4569,154;4834,579;5118,454
Iran;2380,477;2484,973;3007,012;3537,949;3495,221;3776,613;4222,513;5465,15;6137,679;7128,938;10556,089;5417,511;872,336;1131,193;1412,712;1954,868;2620,047;3041,22;3364,215;4387,747;5698,409;5119,721;1957,433;2272,5;2734,027;3288,366;3834,729;4929,064;5621,054;5608,976;6504,869;7680,859;5118,474;5152,037;5395,791;4723,476;5026,648;5289,795;5221,974;4006,315;4052,138;4152,591;4284,968;4412,071
Iraq;no data;no data;no data;no data;no data;no data;no data;no data;no data;no data;no data;no data;no data;no data;no data;no data;no data;no data;no data;no data;no data;no data;no data;608,655;1373,738;1828,738;2321,258;3090,851;4472,118;3701,862;4473,71;5848,537;6692,576;7021,406;6517,259;4811,922;4505,306;4950,31;5793,467;6116,857;6210,086;6318,018;6454,649;6607,324
Ireland;6250,242;5884,518;6076,233;5837,997;5590,053;5932,683;7990,638;9416,545;10362,026;10751,235;13640,502;13743,875;15327,074;14258,315;15450,496;19080,798;20774,86;22461,548;24172,174;26189,625;26151,622;28079,52;32438,465;40921,155;47336,152;50475,596;53762,863;60812,431;61192,87;52100,217;48715,3;51930,478;48890,835;51548,919;55528,931;61695,816;63282,209;68710,817;75192,292;77160,396;81171,788;84501,127;88228,218;91749,643
Israel;6080,849;6397,24;6735,243;7355,31;6874,476;6277,779;7610,138;8943,644;10897,511;10900,187;12470,359;13320,198;14369,739;14070,443;15657,819;18107,043;19352,725;19700,476;19435,939;19156,737;21053,346;20307,821;18437,129;18971,712;19900,499;20566,739;21834,109;24902,762;29540,59;27722,008;30654,337;33701,493;32539,282;36307,198;37556,294;35705,407;37192,14;40272,966;41179,827;41559,44;43138,022;44596,351;46289,058;47953,563
Italy;8555,452;7746,094;7649,307;7932,48;7837,066;8089,78;11455,793;14379,089;15926,68;16552,846;20642,029;21785,435;23105,704;18564,172;19140,539;20607,138;23032,907;21808,664;22282,215;21967,861;20112,596;20419,537;22288,641;27488,526;31239,993;31958,554;33339,725;37685,334;40689,133;36849,92;35657,625;38003,359;34469,65;35219,817;35456,675;30163,208;30662,413;31996,984;34349,219;34784,132;36095,567;37169,853;38406,295;39515,863
Jamaica;1214,379;1310,503;1479,509;1289,23;948;878,359;1034,771;1158,596;1372,734;1588,557;1971,695;1799,773;1804,411;2280,661;2266,075;2657,668;2975,134;3347,367;3467,544;3473,435;3510,575;3529,711;3700,053;3562,456;3816,905;4187,91;4430,505;4756,273;5054,564;4435,269;4812,255;5232,302;5332,494;5104,904;4953,222;5029,073;4956,267;5193,359;5393,382;5475,674;5685,735;5919,231;6170,05;6434,015
Japan;9466,402;10363,516;9577,94;10424,374;10981,923;11580,2;17118,391;20755,509;25065,131;24830,994;25379,595;28923,312;31429,621;35698,906;39219,812;43441,33;38450,955;35034,544;31915,728;36039,07;38535,579;33850,896;32300,666;34831,196;37696,73;37223,77;35463,866;35342,482;39453,494;41014,185;44673,599;48168,804;48632,913;40490,163;38156,337;34612,25;38989,207;38448,569;40105,78;41418,256;42763,769;44127,29;45849,558;47617,103
Jordan;1645,769;1783,024;1829,808;1845,105;1788,172;1726,937;2126,684;2158,264;1944,317;1252,55;1168,512;1157,624;1353,052;1320,375;1409,786;1454,165;1468,995;1499,555;1605,609;1624,979;1657,911;1728,164;1812,292;1889,218;2061,461;2203,088;2537,302;2762,815;3384,153;3492,099;3679,19;3807,315;3876,224;3998,507;4072,685;4101,885;4093,707;4135,585;4227,541;4368,345;4535,895;4732,346;4955,351;5197,367
Kazakhstan;no data;no data;no data;no data;no data;no data;no data;no data;no data;no data;no data;no data;168,645;304,849;737,242;1058,581;1349,596;1457,027;1445,898;1132,124;1230,491;1491,653;1657,15;2062,289;2862,502;3753,444;5261,01;6733,45;8349,277;7116,502;9005,258;11553,128;12300,475;13789,252;12712,104;10434,756;7658,458;8762,194;9977,414;10446,802;10998,412;11604,519;12316,411;13153,462
Kenya;641,654;582,63;541,284;484,062;485,688;467,396;536,791;569,04;570,524;546,95;552,681;506,802;484,699;326,994;380,183;468,002;516,168;507,78;564,736;500,113;479,303;479,603;473,995;524,743;549,163;621,283;743,439;895,226;978,454;982,003;1038,953;1054,979;1238,875;1318,788;1431,319;1453,296;1559,391;1695,378;1865,209;1990,619;2110,52;2232,759;2374,12;2514,969
Kiribati;702,094;735,458;680,896;617,277;661,104;500,889;479,615;1080,928;658,655;637,484;600,45;645,746;646,914;623,58;716,416;721,087;847,061;839,086;805,03;832,622;802,478;732,873;824,829;1016,375;1128,371;1212,132;1166,435;1376,275;1456,908;1332,071;1518,57;1741,137;1797,119;1731,371;1648,183;1538,511;1617,206;1721,867;1749,735;1769,926;1808,831;1832,289;1866,421;1898,426
Korea, Republic of;1704,467;1870,343;1977,63;2180,503;2390,686;2457,328;2803,356;3511,001;4686,148;5736,943;6516,267;7523,443;8001,532;8740,937;10205,86;12332,929;13137,854;12131,885;8085,341;10409,356;11947,604;11252,866;12782,543;14209,341;15907,677;18639,523;20888,38;23060,709;20430,64;18291,92;22086,953;24079,79;24358,78;25890,016;27811,367;27105,078;27608,248;29938,45;32046,001;32765,843;34209,1;35657,936;37314,672;38969,071
Kosovo;no data;no data;no data;no data;no data;no data;no data;no data;no data;no data;no data;no data;no data;no data;no data;no data;no data;no data;no data;no data;1423,317;1706,38;1788,219;2182,801;2219,995;2265,779;2340,117;2792,682;3323,131;3243,825;3290,697;3763,399;3581,934;3885,783;4098,918;3637,434;3766,258;3944,121;4323,964;4491,556;4799,093;5099,639;5432,752;5766,739
Kuwait;20966,177;17631,854;14417,541;12973,988;13410,421;12670,687;9653,473;10956,483;9640,407;11359,505;8588,145;7960,513;13989,932;16213,488;13549,775;13871,989;15068,13;13740,681;11424,919;13358,134;17012,776;15108,112;15759,074;18786,749;21585,563;27014,773;31907,199;33732,522;42827,126;30414,739;32216,413;41657,444;45726,188;44754,341;40278,045;27036,136;25868,683;27393,912;31915,515;32736,587;33043,968;33571,061;34221,944;34865,062
Kyrgyz Republic;no data;no data;no data;no data;no data;no data;no data;no data;no data;no data;no data;no data;207,064;147,505;244,772;324,843;390,962;373,374;339,082;254,832;277,937;307,038;320,43;378,357;431,162;473,873;540,539;719,775;960,95;865,597;875,264;1116,335;1166,15;1269,791;1266,639;1109,428;1109,589;1207,781;1254,135;1307,072;1368,071;1417,922;1477,648;1511,727
Lao P.D.R.;613,554;351,826;344,14;613,776;855,596;1047,035;712,071;487,675;308,818;370,816;426,322;487,955;543,561;595,309;673,42;763,126;775,942;716,319;267,284;278,724;333,16;334,638;345,385;416,07;479,63;542,382;686,652;822,36;1013,823;1080,469;1242,962;1463,469;1640,935;1899,979;2075,142;2212,402;2416,855;2540,842;2690,187;2907,079;3138,844;3371,795;3617,595;3881,248
Latvia;no data;no data;no data;no data;no data;no data;no data;no data;no data;no data;no data;no data;632,908;1022,24;1724,98;2163,462;2417,455;2669,569;2965,155;3140,33;3334,254;3548,505;4116,125;5111,495;6315,403;7533,788;9635,172;14010,237;16316,827;12131,328;11228,129;13735,616;13762,164;14951,88;15680,89;13587,684;14008,887;15550,442;17634,365;18458,077;19809,023;21053,637;22410,406;23751,247
Lebanon;1575,556;1517,329;1038,758;1431,393;1692,11;1397,479;1073,331;1242,792;1235,084;1002,248;1035,446;1594,75;1937,9;2561,286;3019,671;3614,217;4173,208;5019,859;5474,552;5436,75;5256,592;5167,132;5354,641;5277,079;5487,237;5390,191;5404,319;6008,359;6982,066;8353,646;8850,222;9143,873;9954,452;10502,274;10966,29;11279,443;11524,381;12013,438;12453,703;12992,657;13454,068;13981,604;14576,749;15203,52
Lesotho;366,604;362,633;294,238;315,39;287,56;224,453;251,604;313,97;346,852;350,492;411,213;460,132;513,336;500,558;517,009;552,965;527,61;555,911;511,821;501,76;487,528;403,301;441,119;637,051;794,361;851,046;870,724;1001,122;922,427;1082,998;1309,59;1431,874;1358,874;1273,884;1336,387;1179,115;1216,635;1360,557;1465,548;1446,966;1487,992;1563,18;1634,628;1664,719
Liberia;no data;no data;no data;no data;no data;no data;no data;no data;no data;no data;no data;no data;no data;no data;no data;no data;no data;no data;no data;no data;303,025;302,762;302,81;239,994;282,379;291,05;331,548;390,788;471,172;463,969;506,126;589,214;650,828;714,954;714,659;703,183;710,482;694,166;663,029;651,846;654,76;671,444;730,142;774,5
Libya;13031,83;10762,563;10247,108;9371,005;8411,48;8319,667;6524,775;5815,611;5795,806;5881,526;7193,535;7776,953;7703,526;6780,858;6192,591;6882,208;7372,447;7424,949;5980,039;7067,876;7388,136;6485,16;3833,574;4831,424;5988,392;8467,716;9659,637;11711,138;12570,871;8524,772;11417,422;5402,251;12693,637;8282,151;3876,411;2719,954;2903,741;4739,917;6638,601;7803,412;8355,933;9076,03;9920,209;10916,479
Lithuania;no data;no data;no data;no data;no data;no data;no data;no data;no data;no data;no data;no data;no data;no data;no data;1845,673;2328,215;2830,751;3166,964;3113,638;3297,451;3530,201;4146,106;5505,586;6706,027;7880,346;9246,514;12313,169;15047,25;11866,627;12010,676;14386,61;14354,291;15695,744;16584,719;14296,347;14923,696;16730,626;18856,852;19881,492;21532,002;23075,425;24756,659;26396,559
Luxembourg;17738,608;15251,874;12514,722;12284,434;12033,023;12444,197;18023,017;22239,616;24976,673;26333,586;33201,394;35490,269;39219,909;39643,662;43483,047;50911,338;49921,106;44382,362;45822,189;49539,824;49173,655;48489,753;53348,154;66045,429;76318,062;81104,54;90494,693;107014,104;115987,042;104358,203;106184,607;117340,762;108047,815;114998,316;120856,951;102696,064;101788,556;105863,232;113954,417;115203,009;119893,126;123867,534;128147,141;131955,798
Macao SAR;no data;no data;no data;no data;no data;no data;no data;no data;no data;no data;no data;no data;no data;no data;no data;no data;no data;no data;no data;no data;no data;15611,369;16622,924;18346,731;22880,995;24969,752;28805,634;34084,156;38086,666;39615,339;50921,113;65867,576;73937,747;84859,859;86997,503;70132,996;70260,597;77111,001;81585,43;86338,633;91019,426;95288,106;98976,822;102757,08
Madagascar;462,086;400,199;382,453;371,145;302,587;286,316;317,449;242,877;224,537;222,92;266,884;225,006;244,673;266,592;228,295;234,888;287,765;247,437;252,756;243,816;246,283;278,987;262,742;317,421;245,67;275,516;292,991;379,067;472,379;417,178;414,143;456,329;444,959;462,46;452,81;402,067;401,396;448,983;474,784;500,946;525,295;546,584;566,016;584,649
Malawi;326,983;318,032;295,582;298,052;284,324;254,768;251,755;232,783;251,93;272,96;298,716;371,869;300,049;343,226;197,546;227,197;363,682;414,359;264,97;261,557;250,462;240,396;272,824;245,144;259,727;267,785;284,729;306,9;358,416;405,62;442,765;493,843;359,588;317,471;343,979;353,502;293,851;325,536;349,133;361,152;371,027;382,771;396,778;415,563
Malaysia;1899,977;1893,237;1978,383;2158,889;2385,618;2124,286;1837,926;2041,02;2182,863;2347,175;2549,611;2844,899;3331,389;3664,867;3971,093;4612,497;5103,04;4941,362;3470,465;3710,067;4286,832;4130,378;4379,641;4673,914;5171,417;5599,049;6264,419;7378,585;8646,566;7439,435;8920,481;10287,883;10624,834;10754,655;11073,995;9677,163;9415,092;9755,178;10703,606;11338,739;12063,082;12793,616;13607,08;14422,762
Maldives;412,508;464,914;534,906;560,243;646,388;737,78;835,636;769,824;897,934;987,814;1091,55;1184,664;1343,012;1479,446;1591,14;1903,127;2107,605;2553,949;2658,803;2842,658;2967,253;2780,451;2952,215;3690,792;4238,041;3960,43;5268,781;6128,46;7337,931;7450,777;8086,665;8078,262;8719,534;9760,659;10787,471;11486,133;11911,826;12527,153;13151,857;13854,823;14714,408;15643,181;16642,866;17651,344
Mali;286,454;229,442;198,675;188,035;184,137;182,083;248,952;285,835;282,798;339,689;379,949;378,695;379,291;368,181;274,392;346,178;345,045;315,485;318,588;320,773;268,147;304,824;332,816;389,761;436,875;485,608;518,854;592,868;688,772;694,641;705,377;830,61;772,677;798,568;838,36;740,32;766,233;813,3;891,888;916,985;961,573;1002,076;1046,339;1088,806
Malta;3796,748;3677,235;3453,664;3249,768;3101,996;3113,707;3937,745;4878,641;5501,109;5705,594;6784,68;7186,488;7913,691;6981,791;7653,977;8943,296;9071,562;9111,743;9583,837;9944,329;10440,479;10391,869;11337,664;13648,264;15126,472;15899,493;16765,532;19584,633;22116,124;20806,321;21150,423;22933,749;22069,52;24021,743;26202,597;24036,728;25011,014;27326,715;30555,309;31867,326;34085,734;36065,771;38234,371;40424,189
Marshall Islands;no data;no data;no data;no data;no data;no data;no data;no data;no data;no data;no data;no data;no data;no data;no data;no data;no data;2185,537;2199,801;2148,98;2195,083;2309,828;2546,271;2576,426;2630,462;2740,614;2849,332;2978,24;2958,77;2962,443;3180,495;3302,319;3497,434;3590,891;3444,55;3361,153;3624,337;4040,291;4113,477;4185,36;4259,384;4328,952;4376,633;4418,316
Mauritania;no data;no data;no data;no data;no data;no data;no data;no data;no data;no data;608,102;677,983;694,818;576,823;590,49;617,47;611,881;578,045;549,551;547,431;489,512;476,237;472,953;542,357;617,684;716,665;1029,675;1097,211;1265,27;1145,919;1318,068;1536,198;1515,414;1618,217;1488,788;1303,868;1235,215;1271,332;1309,989;1291,966;1318,926;1373,274;1433,276;1482,666
Mauritius;1268,107;1186,583;1124,4;1179,733;1080,41;1085,141;1454,116;1827,431;2104,548;2146,046;2555,86;2781,631;3091,412;3148,796;3446,307;3902,222;3993,479;3703,632;3701,865;3859,149;4102,593;4026,943;4196,429;5005,417;5626,004;5516,198;5695,975;6574,664;8030,052;7318,126;8000,376;9197,043;9291,236;9637,016;10151,727;9258,563;9678,965;10504,468;11014,942;11640,118;12549,631;13455,05;14348,349;15257,232
Mexico;3295,891;4135,806;2934,847;2341,273;2703,332;2810,06;1906,82;2050,329;2459,992;2940,086;3335,464;3927,96;4479,321;5467,155;5672,01;3810,928;4286,479;5148,07;5346,19;6019,94;7016,24;7409,679;7465,916;6964,629;7383,023;8189,161;8997,269;9588,507;9973,021;7975,422;9258,198;10204,512;10261,045;10764,334;10980,985;9673,643;8814,52;9318,823;9614,276;9865,79;10282,08;10732,957;11208,342;11705,401
Micronesia, Fed. States of;no data;no data;no data;no data;no data;no data;no data;no data;no data;no data;no data;no data;no data;no data;no data;2097,327;2065,047;1947,254;2058,157;2066,414;2183,949;2262,047;2281,376;2314,943;2273,114;2374,107;2417,796;2461,939;2535,409;2713,146;2887,897;3034,902;3194,071;3098,029;3115,084;3079,499;3154,38;3202,753;3277,248;3336,791;3389,937;3444,093;3488,624;3533,731
Moldova;no data;no data;no data;no data;no data;no data;no data;no data;no data;no data;no data;no data;274,365;353,697;368,515;459,096;541,34;618,169;544,813;376,856;423,821;478,421;538,32;643,469;845,692;975,622;1115,521;1443,801;1989,172;1788,362;1913,669;2310,687;2398,191;2630,566;2631,835;2142,908;2243,117;2694,469;3226,717;3597,692;3709,968;3931,075;4137,309;4299,627
Mongolia;no data;no data;no data;no data;no data;no data;no data;no data;no data;no data;1511,904;1554,373;847,333;413,624;491,546;759,578;693,874;600,954;564,587;523,931;555,894;612,187;664,493;748,712;919,836;990,585;1323,996;1619,503;2114,548;1691,645;2608,309;3736,042;4323,603;4365,306;4179,239;3956,877;3702,583;3639,893;4097,756;4469,633;4818,201;5206,597;5658,135;6168,079
Montenegro;no data;no data;no data;no data;no data;no data;no data;no data;no data;no data;no data;no data;no data;no data;no data;no data;no data;no data;no data;no data;1577,088;1870,594;2062,168;2733,985;3370,871;3679,44;4431,06;5984,678;7402,671;6744,163;6694,342;7325,659;6590,433;7189,148;7389,886;6517,419;7028,208;7678,443;8644,307;8987,912;9538,273;10075,403;10697,989;11269,731
Morocco;1132,089;895,782;881,181;778,036;695,127;685,329;884,05;952,577;1102,828;1109,286;1248,809;1310,61;1343,358;1239,049;1369,643;1479,276;1612,853;1442,425;1519,174;1492,184;1373,92;1376,532;1453,941;1768,603;1999,125;2063,312;2242,729;2549,881;2946,926;2922,586;2896,564;3111,538;2979,738;3200,479;3259,721;2964,961;2996,652;3136,862;3355,423;3441,101;3627,524;3827,913;4049,574;4285,42
Mozambique;444,797;337,264;336,635;295,418;302,875;396,187;463,218;209,547;184,504;192,13;304,385;231,543;151,715;152,109;159,082;157,934;210,628;242,999;271,933;290,316;255,35;243,134;257,603;279,204;330,198;361,492;382;423,366;502,5;475,416;429,948;524,891;589,818;604,999;619,907;528,934;379,004;426,091;481,248;500,769;518,692;535,443;553,68;611,639
Myanmar;no data;no data;no data;no data;no data;no data;no data;no data;no data;no data;no data;no data;no data;no data;no data;no data;no data;no data;164,282;213,121;221,19;159,448;165,585;254,094;254,995;287,488;345,622;477,873;704,11;770,211;996,632;1196,918;1186,013;1179,557;1275,291;1147,341;1210,456;1278,071;1354,164;1394,861;1537,418;1684,829;1846,001;2017,917
Namibia;no data;no data;no data;no data;no data;no data;no data;no data;no data;2027,87;2109,532;2034,92;2070,995;1922,824;2100,279;2197,585;2126,349;2143,726;1837,305;1874,47;2139,706;1939,787;1811,249;2607,864;3440,966;3708,785;4007,733;4378,564;4198,55;4340,183;5410,977;5870,933;6038,862;5793,927;5717,763;5162,865;4864,078;5589,462;5923,495;6140,303;6514,363;6848,099;7212,91;7578,099
Nauru;no data;no data;no data;no data;no data;no data;no data;no data;no data;no data;no data;no data;no data;no data;no data;no data;no data;no data;no data;no data;no data;no data;no data;no data;3122,457;3094,19;3113,76;2211,395;4185,191;4634,289;4936,669;7214,337;10005,006;10036,184;9872,939;8055,542;7823,642;8574,738;9037,099;8853,462;8880,884;8906,13;8999,205;9166,866
Nepal;132,756;151,746;149,883;160,254;165,649;168,169;178,96;181,61;209,438;206,874;207,703;221,426;195,816;204,632;208,153;220,397;221,918;235,992;229,848;231,853;241,384;243,808;243,256;253,616;287,4;319,028;348,632;393,848;473,841;480,72;592,152;695,694;681,792;688,584;705,94;747,161;730,686;848,089;970,695;1008,766;1075,205;1147,478;1226,459;1312,513
Netherlands;13668,934;11378,797;10973,159;10643,041;9867,245;9964,005;13810,051;16807,924;17869,584;17514,505;21457,915;21931,771;24061,887;23237,631;24824,406;29284,582;29016,44;26733,011;27924,505;28299,668;26220,068;26891,919;29294,213;35734,217;40404,223;42046,721;44901,089;51804,204;57916,253;52648,416;51046,246;54209,22;50100,615;52201,723;52914,136;45205,77;46027,694;48555,353;52931,158;54128,663;56712,61;58893,389;61261,067;63461,91
New Zealand;7203,517;7458,186;7326,447;7022,034;6919,016;6901,934;8323,398;11122,524;13561,987;13015,7;13363,054;12356,703;11691,421;12451,895;14492,628;16783,363;18356,877;18115,498;14828,116;15280,851;13978,23;13560,579;15552,419;20304,755;24689,819;27206,412;26077,214;31784,19;31663,804;28099,897;33221,925;37984,858;39552,453;41773,512;43870,735;37822,044;39049,156;41572,269;41615,923;42008,618;44207,925;46331,723;48519,806;50520,932
Nicaragua;no data;no data;no data;no data;no data;no data;no data;no data;no data;no data;no data;no data;no data;no data;854,126;897,716;916,519;917,106;951,837;981,02;1016,421;1045,954;1010,053;1015,403;1091,002;1175,114;1240,992;1344,301;1518,805;1464,251;1526,494;1682,955;1792,041;1847,201;1975,465;2073,494;2143,812;2220,676;2126,565;2141,375;2214,416;2312,671;2423,457;2543,884
Niger;461,461;386,192;346,882;299,592;234,733;223,986;286,747;325,893;322,586;298,892;329,645;299,573;291,834;267,092;181,67;197,222;204,029;181,69;200,631;188,221;159,23;164,088;180,832;223,463;237,215;263,785;275,509;312,751;382,36;368,278;378,205;410,743;431,37;462,028;481,612;409,215;413,954;438,425;489,051;503,309;532,811;560,43;597,969;629,603
Nigeria;no data;no data;no data;no data;no data;no data;no data;no data;no data;no data;686,475;645,45;546,094;577,535;792,81;1273,271;1618,287;1713,375;1861,065;496,495;570,17;598,294;748,313;797,64;982,976;1245,073;1591,326;1822,793;2234,359;1958,577;2365,013;2582,57;2797,857;3042,045;3268,391;2763,196;2207,861;1994,645;2050,152;2243,974;2465,13;2721,08;3003,297;3317,06
Norway;15746,212;15484,681;15196,29;14906,24;14968,787;15728,224;18853,07;22445,038;24143,155;24245,481;28187,256;28514,498;30432,927;27880,665;29236,408;34789,423;37224,69;36560,864;34717,452;36278,683;38063,119;38501,575;42974,684;50023,114;57478,708;66652,703;73936,764;84946,459;96626,3;79836,109;87432,376;100307,354;101273,375;102722,033;96837,638;74280,673;70651,871;75389,46;82372,378;82772,577;84428,094;85728,744;87416,117;88956,071
Oman;4674,114;5251,746;5510,962;5363,892;5517,394;6129,204;4548,852;4488,916;4362,946;4605,009;6340,52;5937,75;6292,658;6102,666;6116,027;6355,283;6864,964;6965,197;6037,746;6605,919;8120,715;7961,211;8108,723;8565,258;9635,825;11873,176;13938,207;15436,806;21866,269;16784,913;19774,797;22726,637;23282,204;21920,148;21814,151;18243,808;16447,318;17128,372;19170,363;19689,986;19508,43;19468,205;19280,949;19247,802
Pakistan;384,902;442,247;469,6;426,342;450,309;438,235;436,969;445,068;500,308;508,691;495,989;551,237;565,905;583,709;573,819;654,027;666,464;641,566;624,156;617,576;583,32;555,226;544,369;611,429;705,723;776,77;883,243;963,279;1037,612;998,186;1031,652;1218,342;1254,17;1266,742;1312,427;1424,954;1439,63;1545,938;1527,157;no data;no data;no data;no data;no data
Palau;no data;no data;no data;no data;no data;no data;no data;no data;no data;no data;no data;no data;no data;no data;no data;no data;no data;no data;no data;no data;7568,084;8093,581;8365,934;7828,722;8345,8;9277,317;9535,236;9979,011;10365,176;9802,416;9998,003;10765,868;12301,378;12848,868;13954,976;16594,923;16757,568;15980,19;16267,517;16847,624;17439,792;17999,938;18541,718;19099,806
Panama;2038,172;2252,051;2429,949;2437,808;2487,416;2573,287;2616,159;2571,627;2176,564;2137,259;2276,276;2450,196;2726,974;2916,29;3046,035;3050,717;3524,097;3731,099;3963,406;4070,418;4046,456;4029,975;4106,466;4244,176;4565,096;4886,41;5315,835;6286,497;7223,982;7697,767;8233,5;9623,669;10996,031;12132,105;13090,755;13662,944;14322,581;15089,346;15877,484;17117,377;18301,696;19331,778;20403,943;21535,155
Papua New Guinea;1404,853;1342,349;1244,662;1215,43;1098,366;992,937;1057,889;1180;1592,381;1480,334;1287,934;1469,255;1573,472;1743,474;1866,89;1609,132;1668,285;1553,999;1158,158;1030,838;1025,035;877,089;850,612;1012,581;1111,442;1264,811;1403,678;1576,142;1883,501;1833,075;2132,181;2552,03;2865,807;2800,157;2973,289;2605,935;2341,536;2401,559;2464,73;2504,566;2533,236;2601,186;2672,679;2746,989
Paraguay;1299,661;1608,463;1636,527;1762,992;1390,886;1154,145;1335,761;1084,695;1392,417;977,835;1185,277;1585,242;1592,055;1580,207;1681,396;1897,134;2008,188;2003,578;1824,648;1706,395;1675,793;1577,681;1312,083;1377,521;1693,886;1857,773;2284,975;2988,681;4047,755;3622,628;4347,206;5298,454;5151,373;5882,781;6050,042;5353,075;5259,938;5600,094;5933,842;6229,404;6559,129;6913,341;7257,428;7663,173
Peru;1164,609;1372,81;1332,205;1011,535;1018,593;861,437;1263,491;2040,267;1579,248;1908,097;1301,22;1530,736;1562,544;1487,84;1863,324;2179,164;2221,524;2297,785;2168,205;1929,7;1962,982;1957,528;2036,365;2178,487;2429,335;2695,758;3121,921;3587,798;4227,552;4165,791;5051,268;5733,245;6402,069;6632,241;6562,575;6150,458;6178,179;6731,851;7118,427;7361,536;7706,914;8054,348;8418,775;8802,26
Philippines;752,815;806,599;819,872;715,13;659,363;627,535;597,839;648,255;723,483;794,104;805,632;806,935;919,701;922,189;1062,278;1200,429;1276,661;1240,769;958,16;1077,999;1051,973;970,377;1013,424;1024,77;1093,48;1208,934;1405,206;1683,688;1940,995;1851,073;2155,409;2379,941;2591,627;2768,472;2849,267;2882,768;2953,208;2988,897;3099,26;3245,853;3461,77;3721,013;4005,837;4324,222
Poland;1591,91;1494,896;1799,918;2052,913;2038,025;1896,081;1961,676;1687,804;1815,815;1768,606;1625,844;2101,345;2311,094;2347,117;2687,41;3605,161;4058,183;4067,962;4450,329;4339,597;4476,245;4978,051;5195,281;5691,335;6684,461;8019,766;9035,259;11264,718;14004,757;11541,353;12601,915;13886,833;13158,073;13777,295;14337,324;12559,904;12409,991;13821,233;14468,827;15313,668;16557,816;17862,493;19291,353;20827,618
Portugal;3334,965;3304,986;3101,535;2841,631;2599,399;2716,478;3772,506;4718,593;5525,321;5967,66;7941,028;9010,203;10841,258;9530,897;9970,959;11788,467;12187,556;11597,701;12220,178;12490,929;11533,827;11737,174;12922,15;15799,892;18064,472;18815,438;19837,971;22811,573;24933,185;23122,556;22580,678;23217,356;20588,873;21625,495;22112,525;19262,274;19879,832;21158,999;23175,766;23731,384;24917,301;25940,949;27078,644;28115,904
Puerto Rico;4507,15;4940,784;5146,929;5257,186;5777,438;6058,641;6495,499;6987,398;7579,339;8094,29;8675,576;9093,48;9687,443;10255,532;10942,949;11667,589;12305,024;12968,394;14430,159;15293,182;16192,127;18243,709;18972,77;19820,208;20988,989;21959,317;22935,951;23664,874;24898,335;25768,726;26435,742;27278,853;27944,742;28513,15;28981,343;29755,35;30475,357;31581,394;32004,122;32678,427;33318,347;33916,768;34506,064;35122,398
Qatar;31999,31;32677,158;26613,591;21147,403;20551,617;18201,415;13677,704;13828,961;12749,102;12967,628;15446,332;14189,043;15616,953;14546,04;14894,69;16238,346;17677,59;21337,1;18633,92;21660,445;29914,266;28666,61;30748,535;35644,406;44051,659;54228,833;62920,646;69166,962;74189,292;59683,144;72953,444;96827,857;101933,117;99180,39;93054,141;66346,911;57965,377;61024,774;67818,328;72676,794;74934,811;76996,733;80482,137;84873,865
Romania;2065,221;2466,043;2456,844;2138,766;1721,254;2115,458;2278,867;2534,073;2609,661;2329,567;1652,369;1249,01;853,108;1154,672;1325,482;1573,126;1575,497;1581,753;1897,422;1611,132;1669,978;1817,045;2118,572;2768,119;3541,52;4662,666;5811,44;8326,223;10351,511;8444,613;8211,914;9127,48;8542,229;9537,82;10004,876;8950,463;9567,021;10785,993;12189,452;12668,605;13738,447;14761,536;15894,055;17031,381
Russian Federation;no data;no data;no data;no data;no data;no data;no data;no data;no data;no data;6723,5;5823,203;619,869;1330,054;2004,407;2271,31;2842,858;2944,467;1975,972;1432,661;1905,949;2259,023;2556,64;3197,688;4407,986;5713,542;7421,282;9755,324;12471,879;9180,609;11445,456;14320,817;15410,96;15997,027;14354,821;9510,188;8923,888;10955,792;10950,492;11461,119;11710,526;11974,276;12254,767;12697,955
Rwanda;270,525;296,19;304,582;313,504;293,235;336,894;368,93;395,849;409,149;413,152;385,963;276,23;292,942;301,087;206,465;226,63;248,486;319,386;312,589;262,564;229,235;209,117;200,121;215,302;240,947;293,248;349,992;415,706;511,872;554,564;577,411;636,44;696,73;709,834;727,969;735,616;733,566;771,674;800,21;847,116;908,334;967,217;1034,892;1107,411
Saint Kitts and Nevis;1338,747;1609,725;1847,251;1829,835;2144,801;2406,13;2851,256;3289,063;3926,955;4392,77;4969,878;4912,915;5386,942;5806,085;6407,518;6819,77;7195,174;8010,438;8260,891;8670,829;9258,487;10015,591;10347,915;9837,756;10476,364;11173,761;12928,633;13538,929;14681,367;14212,339;13704,254;14483,444;13965,558;14823,749;17061,303;17247,171;17495,949;17397,223;17961,371;18789,391;19655,965;20463,757;21243,231;22021,861
Saint Lucia;1313,355;1475,177;1367,898;1451,035;1822,647;2030,889;2385,636;2603,215;2931,017;3267,096;3847,434;4020,866;4346,08;4391,265;4490,119;4705,337;4790,545;4814,592;5156,021;5357,835;5343,325;5054,526;5054,365;5497,391;5871,52;6180,282;6816,6;7588,864;7527,786;7667,116;8336,661;8590,065;8496,014;8608,133;8804,255;9359,84;9419,897;9606,945;10042,082;10546,338;10902,72;11184,363;11449,23;11724,161
Saint Vincent and the Grenadines;843,533;1037,522;1146,977;1222,857;1339,866;1433,747;1570,863;1701,149;1929,347;2047,706;2274,42;2392,789;2610,526;2689,605;2719,644;2969,99;3116,21;3270,011;3513,884;3675,552;3728,551;4047,314;4327,554;4494,099;4847,173;5091,592;5623,323;5973,546;6366,698;6172,788;6224,215;6171,48;6318,54;6569,923;6622,343;6867,925;7000,324;7124,386;7505,605;7846,5;8189,464;8550,01;8959,776;9388,951
Samoa;no data;no data;no data;no data;no data;no data;no data;no data;no data;no data;no data;no data;no data;no data;no data;no data;no data;no data;1613,013;1469,932;1511,677;1516,881;1595,803;1876,744;2280,71;2633,305;2775,164;3038,858;3634,995;3170,109;3430,856;3939,695;4233,328;4219,066;4178,979;4149,36;4015,214;4258,343;4402,797;4575,152;4841,478;4986,286;5145,87;5315,378
San Marino;no data;no data;no data;no data;no data;no data;no data;no data;no data;no data;no data;no data;no data;no data;no data;no data;no data;no data;no data;no data;no data;no data;no data;no data;no data;no data;no data;no data;81785,984;69774,443;62684,75;59841,635;52103,613;53913,873;53094,202;44810,786;45670,897;47595,071;50903,541;51028,505;52475,574;53579,338;54879,371;55980,979
Saudi Arabia;17655,143;18832,057;14912,742;11972,192;10558,766;8732,74;6955,053;6524,159;6398,839;6583,29;7734,975;8280,176;8077,765;7686,005;7626,36;7893,422;8527,666;8706,354;7525,303;8092,7;9256,541;8778,391;8822,507;9800,529;11467,097;14068,219;15603,985;16666,626;20157,298;16094,678;19163,337;23654,865;25208,162;24892,99;24580,472;21094,595;20317,679;21096,44;23186,743;23491,037;23601,698;23703,883;23935,652;24264,141
Senegal;781,318;689,676;656,587;569,224;539,145;573,039;786,525;917,907;880,712;842,541;952,417;910,029;946,739;869,094;576,64;706,207;714,635;643,171;679,9;676,012;603,472;609,716;651,454;815,154;928,964;981,308;1026,096;1204,905;1395,408;1297,944;1257,744;1345,409;1301,512;1343,179;1361,349;1186,925;1231,651;1331,276;1485,402;1548,546;1659,474;1769,1;1892,637;2006,394
Serbia;no data;no data;no data;no data;no data;no data;no data;no data;no data;no data;no data;no data;no data;no data;no data;no data;no data;2925,927;2300,699;1507,679;1238,888;1640,945;2156,887;2836,54;3315,331;3504,295;4145,034;5486,489;6688,951;5820,469;5353,561;6424,028;5656,261;6351,684;6199,12;5237,254;5426,201;5901,226;6814,809;7198,882;7839,144;8489,571;9210,97;9965,768
Seychelles;2326,824;2392,247;2296,719;2280,452;2338,076;2588,553;3165,945;3638,988;4128,118;4407,201;5302,844;5314,655;6128,346;6559,088;6555,429;6748,825;6583,091;7280,929;7715,784;7747,491;7578,829;7663,083;8431,923;8524,935;10176,659;11093,314;12014,418;12155,702;11123,004;9707,265;10805,099;11647,017;11999,897;14762,223;14701,368;14786,118;15219,117;15859,382;16376,802;17080,497;17815,313;18659,197;19443,959;20182,306
Sierra Leone;490,441;513,084;565,071;479,982;552,183;460,718;337,502;287,721;461,77;414,406;224,573;268,084;234,027;266,103;317,336;304,147;327,823;294,274;230,249;224,923;210,745;233,996;258,174;272,053;271,396;299,269;331,015;368,86;418,785;399,926;410,595;457,917;578,302;731,057;721,555;599,539;522,173;487,61;495,857;489,309;487,775;494,753;515,819;515,643
Singapore;5003,793;5670,741;5998,019;6714,501;7155,389;6781,924;6864,317;7786,645;9316,362;10711,03;12766,058;14504,601;16144,339;18302,534;21577,837;24937,271;26262,256;26386,354;21824,014;21796,254;23793,113;21576,807;22016,976;23573,854;27404,812;29869,899;33579,155;39223,538;39722,148;38577,168;46569,395;53238,586;54716,737;56389,182;56959,326;54939,859;55241,284;57713,335;61230,153;62983,514;65503,503;68115,351;70834,278;73618,755
Slovak Republic;no data;no data;no data;no data;no data;no data;no data;no data;no data;no data;no data;no data;no data;2561,19;2938,631;3696,566;3990,001;4069,762;4232,745;3864,179;3832,551;3976,08;4620,684;6330,051;8027,251;9129,071;10683,482;14349,97;18048,555;16567,154;16634,711;18223,869;17294,596;18205,908;18668,684;16148,292;16550,225;17655,053;19642,098;20598,122;22046,827;23414,059;24864,043;26242,398
Slovenia;no data;no data;no data;no data;no data;no data;no data;no data;no data;no data;no data;no data;9603,574;8326,915;8436,809;10708,565;10797,085;10463,46;11157,744;11498,633;10286,104;10501,874;11841,814;14905,102;17282,619;18222,579;19777,132;23959,166;27784,009;24785,048;23499,587;25040,519;22563,157;23378,09;24251,424;20890,303;21668,088;23654,409;26586,048;27506,865;29206,984;30714,221;32325,845;33793,887
Solomon Islands;767,971;786,877;757,961;689,407;669,398;592,013;512,757;523,77;579,556;552,165;667,386;687,074;789,67;858,033;1057,3;1195,517;1279,824;1303,415;1083,924;1116,043;923,454;897,55;744,048;704,085;793,967;915,158;980,042;1048,642;1207,902;1160,785;1293,864;1733,71;1935,74;2010,288;2042,088;1971,553;2056,559;2114,677;2270,811;2357,414;2453,207;2565,409;2679,174;2817,301
South Africa;2853,526;2865,01;2561,74;2783,1;2400,34;1792,065;2003,023;2570,271;2704,735;2753,513;3140,342;3289,043;3481,424;3390,848;3446,835;3752,377;3499,202;3555,708;3159,393;3087,271;3039,041;2667,886;2520,592;3772,063;4868,694;5412,938;5638,677;6123,957;5802,368;5926,401;7380,615;8083,126;7574,427;6907,599;6508,779;5802,709;5316,042;6179,87;6560,041;6609,097;6801,087;6971,832;7165,562;7346,201
South Sudan, Republic of;no data;no data;no data;no data;no data;no data;no data;no data;no data;no data;no data;no data;no data;no data;no data;no data;no data;no data;no data;no data;no data;no data;no data;no data;no data;no data;no data;no data;no data;no data;no data;1644,739;1041,463;1337,232;1309,952;1051,185;249,662;243,113;306,704;224,745;194,164;161,542;341,083;404,878
Spain;6112,881;5368,609;5158,755;4490,713;4460,603;4683,157;6461,294;8167,057;9574,946;10540,022;13649,281;14661,18;15973,582;13376,558;13386,457;15437,363;16055,974;14746,417;15418,912;15774,437;14721,704;15365,803;17075,474;21528,292;24981,314;26547,913;28530,039;32748,087;35725,345;32412,772;30803,472;31868,855;28583,739;29237,722;29686,682;25821,783;26676,553;28358,808;31059,508;31906,202;33611,116;35093,984;36757,387;38284,102
Sri Lanka;344,064;353,229;376,604;401,85;466,031;456,508;484,428;499,475;516,863;513,625;582,032;630,274;672,009;709,093;805,992;846,906;917,734;1010,51;1027,582;1017,776;1048,948;993,476;1030,393;1124,232;1216,603;1424,392;1636,504;1858,804;2301,797;2349,708;2742,932;3127,471;3349,94;3609,346;3818,396;3835,363;3845,988;4073,309;4265,287;4469,774;4734,138;5013,575;5310,857;5637,09
Sudan;486,908;339,389;239,807;318,513;375,019;253,184;328,588;516,781;404,705;696,391;87,197;95,292;113,476;186,506;205,922;239,507;292,909;350,723;366,582;352,442;422,316;492,676;554,652;635,575;772,939;996,677;1249,767;1599,596;1700,513;1401,244;1637,419;2034,461;1396,292;1462,582;1628,497;1715,071;1408,8;1123,488;791,933;795,273;792,576;774,526;753,178;716,156
Suriname;no data;no data;no data;no data;no data;no data;no data;no data;no data;no data;1320,196;1434,456;1313,625;1020,848;1133,128;2120,745;2605,667;2750,695;3264,332;2649,744;2712,6;2301,928;2872,138;3335,527;3789,587;4483,534;5208,555;5758,066;6832,947;7394,097;8224,066;8190,699;9194,151;9351,962;9379,003;8507,968;5703,369;5869,515;6506,041;6881,938;7200,54;7722,47;7997,113;8355,954
Sweden;16611,449;15153,907;13370,536;12287,58;12780,659;13345,566;17574,09;21282,666;23951,918;24985,746;29792,963;31075,224;32142,437;24034,57;25672,068;29911,82;32614,252;29932,755;30180,212;30601,857;29287,801;26970,431;29566,176;36936,664;42407,825;43048,112;46145,739;53185,652;55592,669;46047,306;51925,595;59454,397;56978,613;60069,346;58930,154;50565,098;51245,363;52925,128;53867,171;54135,298;55819,492;57477,376;59726,255;61876,544
Switzerland;18869,568;17190,991;17508,115;17360,011;16532,256;16694,338;23816,313;29646,522;31881,397;30545,678;38660,028;38655,814;39686,859;38242,326;41996,762;48834,465;46764,98;40469,881;41547,87;40641,742;37994,357;38715,911;41555,218;48285,032;53446,083;55115,296;57801,441;63960,525;72941,746;70321,958;74884,059;88903,25;83959,108;85676,251;87162,877;82510,414;80491,04;80637,381;83583,002;85156,842;88233,884;90802,351;93971,45;97020,355
Syria;1421,836;1763,344;1784,577;1849,427;1839,915;1965,139;2284,039;2823,157;1389,823;800,859;967,145;972,175;983,575;995,061;1060,707;1133,162;1186,162;1080,812;1028,169;1043,174;1202,891;1236,897;1305,087;1208,885;1361,499;1510,392;1726,028;2016,052;2557,211;2557,267;2806,685;no data;no data;no data;no data;no data;no data;no data;no data;no data;no data;no data;no data;no data
São Tomé and Príncipe;773,85;931,011;876,128;800,45;812,985;837,601;1143,388;1120,792;922,926;891,971;1050,332;920,765;790,824;1033,018;1058,931;820,617;261,65;351,128;398,575;408,704;415,999;505,213;552,891;647,954;692,685;809,407;839,546;885,101;1117,491;1084,167;1107,873;1273,159;1342,707;1569,619;1763,383;1555,969;1705,692;1846,724;2068,791;2228,504;2433,646;2747,019;2907,812;3054,55
Taiwan Province of China;2367,6;2692,406;2675,823;2882,402;3203,468;3295,112;4010,111;5325,216;6337,499;7577,046;8178,152;9092,114;10725,702;11200,814;12108,752;13076,007;13597,248;13968,097;12787,258;13768,274;14876,879;13408,383;13715,525;14094,37;15360,724;16503,313;16984,54;17780,925;18102,946;16959,775;19261,667;20911,643;21269,614;21887,992;22638,917;22373,564;22540,889;24292,091;25534,325;26517,602;27942,329;29292,953;30874,535;32575,883
Tajikistan;no data;no data;no data;no data;no data;no data;no data;no data;no data;no data;no data;no data;52,622;121,645;147,923;100,448;183,374;192,58;222,282;177,712;159,417;167,035;187,958;236,394;308,844;337,129;401,586;519,025;702,445;666,024;738,287;834,52;949,648;1040,15;1105,197;919,073;795,981;800,802;807,05;815,412;857,097;902,025;940,242;980,103
Tanzania;398,213;462,384;515,824;513,729;454,85;399,694;492,451;236,583;221,861;181,658;138,792;157,932;140,479;125,671;129,715;147,749;179,54;211,07;303,01;363,109;378,494;378,881;383,7;399,475;425,476;450,395;481,665;541,793;671,868;683,856;725,765;765,333;869,991;969,148;1032,343;957,107;978,961;1034,225;1090,099;1158,072;1233,512;1310,933;1393,094;1480,717
Thailand;718,751;751,856;773,787;835,332;853,682;775,776;840,475;969,076;1159,092;1349,927;1571,257;1777,473;1999,967;2218,556;2494,739;2846,444;3046,665;2475,095;1855,12;2048,054;2028,077;1912,28;2115,383;2377,545;2676,296;2905,795;3378,831;3978,301;4379,527;4207,583;5065,376;5482,397;5850,273;6154,499;5932,999;5830,636;5970,316;6590,638;7084,471;7570,35;8011,426;8452,414;8907,35;9400,404
Timor-Leste;no data;no data;no data;no data;no data;no data;no data;no data;no data;no data;no data;no data;no data;no data;no data;no data;no data;no data;no data;no data;489,866;569,609;554,016;580,466;1132,771;1870,683;2687,664;2851,49;4246,847;3060,187;3782,707;5272,736;6052,99;5002,922;3494,848;2620,3;2079,628;2236,974;2485,877;2627,572;2699,944;2671,605;2692,786;2373,887
Togo;621,505;501,047;363,666;334,431;296,437;300,4;407,291;463,246;500,235;477,391;560,68;541,946;557,234;416,361;315,859;406,548;431,283;425,029;388,934;377,803;311,499;300,953;337,732;409,209;427,308;422,158;425,298;444,013;539,752;533,049;527,823;579,544;565,01;613,632;633,067;563,759;586,294;611,133;668,422;691,416;741,055;789,025;842,412;895,665
Tonga;802,903;886,55;878,894;853,099;890,429;836,907;999,884;1081,019;1264,565;1523,205;1578,512;1816,713;1868,532;1944,448;2103,954;2199,634;2410,489;2254,233;2012,456;2035,946;1965,571;1775,167;1908,075;2108,806;2454,269;2788,968;2889,027;3142,198;3337,897;3295,282;3788,677;4412,213;4442,354;4303,082;4277,608;4021,72;4249,137;4520,886;4650,282;4874,153;5163,345;5478,75;5735,451;5937,889
Trinidad and Tobago;5844,663;6451,064;7389,246;6935,75;6827,598;6407,753;4118,845;4083,147;3796,412;3623,428;4219,122;4390,015;4471,243;3741,17;4024,875;4319,496;4655,849;4629,726;4869,365;5475,183;6541,694;7042,209;7158,999;8927,638;10438,77;12467,75;14273,555;16807,873;21464,21;14801,21;16957,995;19320,961;19001,222;19925,122;20054,981;17834,476;16598,797;16637,65;16930,881;17491,336;18210,195;19182,136;20101,343;21226,967
Tunisia;1482,823;1390,485;1309,899;1322,84;1286,711;1271,883;1312,323;1382,353;1411,547;1386,088;1636,643;1687,19;1973,446;1814,879;1903,845;2156,454;2299,375;2210,819;2295,197;2388,994;2213,941;2254,92;2346,004;2762,059;3112,918;3194,48;3371,538;3778,36;4308,49;4131,023;4140,485;4256,837;4137,57;4198,848;4274,466;3827,641;3666,3;3464,717;3573,365;3587,933;3712,594;3882,046;4063,894;4271,276
Turkey;2168,666;2148,836;1901,376;1712,832;1627,694;1787,257;1928,024;2192,708;2346,711;2730,183;3747,082;3686,18;3817,294;4259,482;3024,163;3877,104;4095,582;4220,595;4387,308;4019,001;4218,859;3053,282;3589,386;4642,902;5952,828;7277,942;7898,993;9562,939;10691,762;8881,762;10475,567;11140,952;11552,693;12395,369;12022,18;10914,886;10817,389;10537,186;8715,513;7615,014;8868,359;10016,808;10645,49;11026,398
Turkmenistan;no data;no data;no data;no data;no data;no data;no data;no data;no data;no data;no data;no data;239,149;1335,633;1102,518;1394,427;554,283;614,767;647,355;861,861;1109,216;1514,431;1880,287;2443,634;3004,972;3596,234;4429,641;5312,927;4350,129;4036,459;4439,203;5649,978;6675,276;7304,421;7962,366;6432,669;6412,135;6642,523;7411,877;8073,28;8724,372;9484,971;10325,151;11258,823
Tuvalu;no data;no data;no data;no data;no data;no data;no data;no data;no data;no data;no data;no data;no data;no data;no data;no data;no data;no data;no data;no data;no data;no data;1661,535;1946,376;2255,915;2229,48;2324,759;2713,056;3053,405;2683,967;3059,159;3687,994;3541,906;3499,048;3459,462;3280,974;3362,05;3688,651;4096,248;4421,214;4783,672;5153,825;5534,254;5892,454
Uganda;512,2;804,731;541,848;601,022;447,813;396,289;381,127;592,632;591,643;462,395;363,928;183,801;166,503;190,45;266,865;309,747;309,377;326,722;310,18;285,563;273,964;268,065;278,964;278,825;331,993;372,282;406,739;488,914;604,626;628,759;662,223;669,297;752,877;770,183;772,586;662,164;670,37;706,502;717,496;746,593;801,676;830,881;899,969;944,499
Ukraine;no data;no data;no data;no data;no data;no data;no data;no data;no data;no data;no data;no data;427,863;677,261;740,97;752,339;914,348;1037,893;874,265;664,99;664,376;814,851;919,141;1096,291;1427,279;1909,798;2407,9;3219,884;4095,441;2654,986;2982,814;3589,632;3872,534;3968,797;3095,05;2135,182;2200,851;2656,01;2964,193;3133,196;3361,357;3618,556;3901,506;4202,48
United Arab Emirates;40014,582;40910,917;35767,654;31690,067;29017,094;27035,998;20533,019;21644,071;18435,195;20478,526;26621,511;25847,406;25960,965;25654,369;25762,53;26394,423;29058,859;29523,485;25897,653;27321,043;34688,979;32621,292;32790,711;35017,312;39304,507;43988,667;44313,586;41472,286;39074,838;30920,447;35064,255;41194,733;42723,581;43197,43;43340,018;37380,571;36226,239;37732,656;41476,301;42384,405;42888,88;43232,624;43581,224;44011,947
United Kingdom;10734,566;10429,255;9925,51;9456,7;8943,273;9491,989;11551,068;14294,994;17364,253;17617,847;20808,225;21671,879;22305,36;19925,662;21344,249;23026,709;24256,456;26647,953;28077,336;28435,056;28043,874;27510,331;29912,986;34302,415;40111,752;41842,698;44403,814;50315,557;47469,38;38601,319;39122,192;41649,659;42023,101;42981,253;47003,879;44494,861;40657,859;39800,274;42260,924;42035,942;43358,394;44639,336;46275,189;47887,715
United States;12552,943;13948,701;14404,994;15513,679;17086,441;18199,32;19034,766;20000,968;21375,999;22814,077;23847,977;24302,776;25392,931;26364,192;27674,021;28671,48;29946,973;31440,087;32833,666;34494,539;36317,741;37101,103;37971,28;39411,546;41629,858;44025,56;46213,508;47869,24;48283,413;47007,674;48400,641;49815,52;51537,005;53031,952;54952,396;56718,321;57814,534;59792,013;62517,53;65061,593;67082,203;69074,333;70956,327;72861,262
Uruguay;3810,865;4224,261;3431,162;1871,395;1768,228;1716,873;2119,542;2637,021;2712,191;2842,578;3289,118;3940,854;4501,823;5213,029;6015,243;6601,537;6974,809;7295,989;7667,105;7193,466;6817,363;6238,214;4073,418;3614,627;4102,584;5189,889;5842,813;6984,815;9029,327;9372,485;11859,898;14054,33;14961,681;16723,447;16572,362;15365,956;15139,12;16941,557;17379,655;17874,708;18861,596;19891,773;20936,742;22047,495
Uzbekistan;no data;no data;no data;no data;no data;no data;no data;no data;no data;no data;no data;no data;167,182;252,628;292,767;448,141;601,938;616,087;616,92;693,233;560,171;468,77;384,496;398,579;466,855;549,953;658,472;836,697;1090,87;1223,545;1392,324;1577,497;1753,465;1923,722;2069,76;2143,294;2124,128;1520,097;1326,002;1560,452;1660,007;1745,905;1835,374;1930,971
Vanuatu;1053,849;956,137;930,89;931,689;1111,403;976,747;918,675;989,126;1092,048;1054,904;1141,043;1333,385;1357,696;1277,011;1422,849;1479,565;1511,705;1537,62;1441,112;1435,664;1424,567;1320,599;1314,46;1538,104;1745,051;1845,775;2007,23;2350,978;2653,996;2606,785;2923,25;3230,035;3115,769;3123,977;3103,891;2880,948;2904,821;3093,995;3327,748;3480,419;3620,61;3766,449;3918,162;4075,985
Venezuela;4671,078;5085,58;5041,589;4883,234;3447,45;3472,186;3488,564;2619,24;3292,792;2378,158;2492,939;2685,293;2968,496;2876,077;2741,979;3559,77;3174,631;3777,785;3973,415;4121,578;4823,961;4965,408;3790,656;3265,553;4309,504;5418,439;6609,949;8133,306;10464,263;8442,837;10316,832;11541,876;11287,303;7869,442;7029,892;7922,808;7687,671;6890,066;3300,357;3100,112;2998,505;2870,801;2765,665;2514,259
Vietnam;513,965;250,859;326,329;482,44;822,549;251,202;556,019;674,88;365,892;97,158;98,032;113,654;144,149;189,261;230,314;288,874;337,524;361,908;360,925;374,722;401,567;413,342;440,209;489,034;603,668;699,682;796,928;920,463;1154,493;1181,448;1297,226;1532,311;1750,756;1898,898;2047,429;2085,714;2172,012;2353,356;2552,829;2788,005;3030,62;3275,661;3532,262;3797,285
Yemen;no data;no data;no data;no data;no data;no data;no data;no data;no data;no data;1046,183;1158,438;1351,436;1558,429;1919,182;840,832;411,266;418,526;374,911;439,292;539,641;532,421;560,031;597,771;682,148;797,704;881,648;971,326;1171,169;1060,926;1266,787;1302,302;1367,715;1515,946;1574,246;1612,011;1250,736;1043,055;925,618;1084,425;1233,81;1272,154;1311,177;1354,353
Zambia;718,795;718,743;672,013;562,441;448,532;412,851;276,151;332,268;543,316;561,832;509,752;446,778;424,949;405,587;405,544;410,542;378,71;440,701;352,627;330,283;340,164;376,986;376,468;429,01;530,54;691,785;1030,282;1103,452;1365,692;1134,758;1456,162;1635,505;1724,711;1839,537;1727,026;1310,354;1252,698;1491,217;1450,409;1425,556;1451,11;1494,241;1547,461;1607,876
Zimbabwe;no data;no data;no data;no data;no data;no data;no data;no data;no data;no data;897,213;810,42;648,024;608,025;618,059;620,707;735,645;762,778;890,867;868,909;839,47;834,499;798,834;711,924;698,443;661,858;586,767;559,654;478,997;684,121;815,791;968,876;1076,343;1133,569;1149,243;1137,067;1111,443;1185,343;1268,932;1381,354;1497,652;1612,494;1733,965;1843,403
Africa (Region);no data;no data;no data;no data;no data;no data;no data;no data;no data;no data;1016,672;904,658;874,779;856,709;819,877;951,595;1037,742;1052,702;1041,033;833,735;839,546;793,891;788,858;921,296;1079,889;1242,084;1403,871;1600,237;1824,698;1692,256;1938,289;2105,549;2188,539;2208,845;2230,226;1984,673;1834,727;1812,925;1888,227;1985,628;2099,072;2195,495;2308,165;2438,609
Asia and Pacific;957,198;1005,628;959,543;1001,229;1041,823;1045,599;1302,671;1518,253;1783,523;1823,555;1868,982;2025,582;2137,563;2368,894;2527,379;2830,598;2722,428;2583,897;2277,456;2499,504;2639,928;2432,546;2454,774;2707,988;3020,637;3230,811;3423,705;3874,407;4342,855;4424,88;5117,862;5818,722;6120,229;6146,878;6307,595;6212,243;6364,638;6685,489;7092,483;7357,396;7849,502;8337,959;8849,948;9390,571
Australia and New Zealand;10327,925;11633,505;11374,343;10792,6;11590,267;10259,394;10733,654;12663,391;15773,011;17312,849;17926,869;17576,838;17006,542;16584,559;18821,323;20173,948;22297,229;22162,117;19403,112;20627,981;19686,18;18438,521;20608,217;26031,036;31345,875;34606,396;35837,603;42813,596;46188,924;42720,994;52545,502;62346,286;63666,494;61310,894;58691,203;49199,824;49773,469;53382,924;54220,458;54699,897;56750,474;58618,652;60803,834;63141,87
Caribbean;1486,415;1611,239;1674,698;1652,856;1938,36;1430,176;1406,366;1389,894;1345,414;1443,863;1485,999;1551,72;1609,634;1686,628;1838,332;2106,325;2250,261;2407,256;2554,931;2655,953;2814,463;2868,165;2961,867;2754,973;2944,126;3740,74;3986,928;4485,929;4940,764;4419,655;4765,402;5107,683;5199,69;5282,628;5398,986;5392,204;5402,89;5560,885;5823,29;6041,045;6286,341;6547,852;6817,491;7105,218
Central America;1189,881;1108,212;1114,007;1140,5;1143,303;1230,903;1037,02;1081,124;1093,855;1186,204;1108,257;1245,641;1380,416;1481,54;1481,083;1602,705;1664,798;1774,543;1883,884;1870,92;1930,441;1998,658;2063,002;2123,372;2251,984;2430,586;2652,585;2978,525;3326,863;3293,563;3604,672;4056,792;4351,179;4575,871;4797,693;5053,754;5256,502;5483,267;5649,183;5876,195;6149,739;6422,365;6708,403;7011,991
Central Asia and the Caucasus;2168,666;2148,836;1901,376;1712,832;1627,694;1787,257;1928,024;2192,708;2346,711;2730,183;3747,082;no data;1897,991;2195,907;1629,328;2126,537;2294,03;2382,575;2472,037;2277,428;2385,248;no data;1874,902;2376,105;3035,976;3734,231;4228,492;5197,315;5951,278;5048,673;5972,351;6611,87;6920,27;7441,538;7220,58;6356,603;5972,764;5880,241;5288,974;4973,815;5574,89;6141,658;6517,453;6812,79
East Asia;1327,899;1408,144;1319,428;1419,184;1486,455;1535,077;2072,417;2468,7;2973,259;3019,495;3032,877;3401,209;3714,247;4207,118;4523,142;5077,575;4737,677;4462,12;4058,965;4524,568;4867,726;4487,492;4478,36;4853,832;5350,007;5622,802;5844,913;6426,061;7341,064;7684,146;8731,579;10028,371;10713,035;10748,574;11163,473;11252,409;11568,12;12078,388;13148,454;13687,633;14614,188;15548,98;16556,807;17651,217
Eastern Europe ;1903,423;2004,421;2154,534;2158,636;2048,031;2043,069;2123,469;2144,49;2458,833;no data;no data;no data;1031,816;1450,406;1903,432;2341,399;2707,785;2774,855;2432,463;2098,413;2297,969;2612,967;2969,077;3641,518;4655,611;5721,692;6957,585;9017,14;11303,647;8852,278;10005,875;11858,162;12092,025;12657,421;12026,142;9053,697;8883,274;10355,471;10880,401;11445,147;12038,857;12638,752;13281,033;14007,619
Europe;8958,229;8026,803;7748,454;7528,989;7215,73;7457,578;10021,379;12278,75;13692,599;no data;no data;no data;13243,165;12139,519;13041,844;14772,345;15128,475;14217,322;14455,048;14310,174;13456,723;13673,087;14963,64;18163,261;21066,698;22302,343;24053,864;28007,342;30730,89;26921,128;27287,049;29967,961;28665,902;29810,891;30330,226;25972,843;25893,226;27426,889;29453,571;30100,045;31491,011;32760,214;34192,681;35601,193
Middle East (Region);5495,294;5793,442;5447,809;5302,282;5061,126;4910,141;4801,645;5622,668;5835,452;6381,341;7791,263;5388,083;3366,474;3482,922;3757,508;4110,294;4617,818;4886,365;4750,639;5397,584;6526,549;6103,873;4684,697;4491,931;5272,797;6276,963;7205,39;8298,337;10044,184;8663,798;9993,473;12945,82;12584,723;12832,369;12745,554;10836,83;10640,88;11209,376;12057,454;11931,649;12149,69;12372,361;12660,175;12980,769
North Africa;1548,108;1443,552;1455,732;1484,135;1496,116;1612,775;1624,698;1831,645;1882,17;2070,64;2054,792;1519,738;1512,939;1486,743;1452,467;1570,986;1709,586;1727,415;1746,463;1816,567;1877,948;1806,644;1637,645;1789,406;1985,87;2269,241;2551,115;2960,794;3511,535;3256,499;3652,75;3767,14;4180,435;4046,7;3962,748;3650,474;3581,73;3086,809;3325,866;3640,263;3889,534;4020,233;4171,24;4406,62
North America;10396,844;11622,226;11670,623;12358,316;13540,488;14325,575;14698,827;15508,316;16715,931;17918,63;18676,6;19137,117;19933,713;20764,258;21680,179;21952,876;22968,964;24228,763;25161,045;26546,009;28167,741;28769,878;29395,108;30532,406;32407,662;34527,096;36496,998;38051,008;38557,249;36753,556;38471,486;39968,665;41144,164;42239,664;43422,398;43722,73;44132,548;45761,041;47748,636;49619,923;51243,075;52853,264;54425,499;56025,339
Pacific Islands ;1418,474;1374,754;1283,339;1233,172;1160,707;1059,642;1132,208;1207,198;1492,819;1424,982;1316,837;1467,546;1576,7;1721,965;1863,501;1701,017;1777,878;1679,833;1294,442;1236,87;1178,099;1052,182;1048,995;1245,265;1395,234;1563,862;1686,656;1873,99;2153,661;2013,636;2296,354;2738,201;3010,713;2978,844;3138,833;2815,446;2629,217;2716,218;2810,571;2881,251;2946,769;3043,442;3143,61;3249,06
South America;2406,401;2367,352;1970;1806,664;1731,981;1879,83;2079,748;2164,853;2365,773;2551,088;2754,352;2771,043;2908,823;3088,136;3619,186;4512,391;4678,502;4903,671;4772,914;3790,012;3948,337;3577,899;2789,744;2965,315;3552,137;4480,901;5380,234;6585,846;7898,541;7488,073;9531,813;11143,444;10993,654;10869,02;10529,636;8799,185;8470,824;9386,787;8510,637;8431,547;8813,705;9187,234;9583,29;9995,101
South Asia;284,819;292,758;295,944;308,03;302,034;318,628;329,636;357,416;374,249;371,814;390,652;345,129;357,505;347,687;386,49;420,507;444,973;457,449;454,423;477,566;475,017;477,567;493,872;566,821;646,815;728,107;814,698;1016,545;1017,777;1101,135;1325,737;1414,984;1414,118;1432,883;1548,784;1597,437;1697,853;1901,312;1946,76;2086,336;2262,364;2449,599;2648,137;2862,325
Southeast Asia;751,213;752,381;780,48;778,271;852,702;731,603;729,122;767,844;798,076;844,539;942,143;1039,039;1159,088;1277,162;1433,327;1638,319;1786,599;1665,575;1011,628;1175,047;1235,821;1170,121;1289,392;1435,857;1595,295;1756,854;2079,334;2452,236;2825,446;2749,117;3367,873;3849,976;4016,074;4099,923;4076,864;3906,188;4035,76;4287,35;4440,529;4675,965;5004,33;5302,757;5620,684;5957,161
Sub-Saharan Africa (Region) ;no data;no data;no data;no data;no data;no data;no data;no data;no data;no data;778,091;764,449;731,387;716,317;679,93;815,286;890,931;906,361;889,152;623,833;619,858;581,631;612,573;743,394;895,909;1035,361;1175,12;1331,68;1493,975;1387,613;1606,303;1786,887;1809,016;1860,19;1903,679;1672,175;1510,722;1575,237;1621,739;1681,069;1771,784;1864,32;1972,525;2086,684
Western Europe;10509,793;9355,283;8987,78;8726,695;8373,297;8674,18;11799,698;14563,96;16221,203;16429,883;20257,192;21423,32;23185,099;20990,81;22214,032;25402,715;25816,844;24236,658;24921,671;24878,557;23049,969;23101,192;25078,926;30292,218;34653,236;35893,505;37951,449;43316,68;46252,685;41270,306;40931,584;44175,785;41609,247;43150,457;44389,961;38896,437;38809,151;40326,776;43446,571;44093,144;46019,268;47723,845;49677,675;51521,103
Western Hemisphere (Region);6674,265;7299,56;7146,374;7427,047;8009,626;8457,513;8705,813;9144,108;9836,739;10526,724;10975,016;11211,047;11673,789;12168,057;12780,994;13285,616;13836,245;14567,678;14978,754;15253,81;16127,015;16256,716;16224,912;16849,083;18031,018;19500,319;20869,95;22176,896;23003,048;21893,361;23623,557;25066,906;25584,578;26067,974;26505,087;25904,89;25963,627;27170,699;27809,466;28725,185;29715,474;30675,899;31628,74;32603,11
ASEAN-5;719,477;717,088;742,186;731,697;801,55;667,869;690,357;725,541;747,144;782,512;863,378;945,978;1054,334;1159,415;1292,832;1473,155;1612,197;1481,873;931,055;1113,659;1161,293;1109,624;1242,057;1389,756;1533,164;1683,247;2000,286;2348,599;2722,611;2642,842;3242,52;3689,45;3853,984;3931,036;3889,786;3731,993;3869,122;4125,457;4249,131;4490,86;4823,609;5119,338;5434,788;5770,859
Advanced economies;10269,24;10352,139;10212,549;10560,479;10982,849;11499,496;13952,314;16125,946;18098,288;18748,801;20872,82;22091,087;23449,377;23263,494;24811,312;26890,104;26914,273;26245,358;26190,371;27408,882;27704,411;27238,429;28260,577;31502,947;34727,635;36327,225;37955,951;41181,345;43177,091;40516,488;42053,817;44887,091;44516,408;44700,106;45529,837;42874,832;43766,211;45378,253;47978,537;49395,817;51303,816;53109,105;55063,151;56996,469
Commonwealth of Independent States;no data;no data;no data;no data;no data;no data;no data;no data;no data;no data;no data;no data;495,449;951,479;1349,967;1517,718;1888,233;1972,842;1437,899;1090,554;1343,902;1567,617;1759,705;2175,764;2952,637;3826,95;4962,234;6510,567;8286,4;6208,162;7605,627;9414,497;10116,496;10589,722;9641,891;6674,645;6124,924;7254,223;7385,628;7757,353;7987,347;8235,927;8506,719;8876,448
Emerging and Developing Asia;359,287;351,015;350,891;364,287;373,774;359,827;359,769;385,71;425,56;446,84;441,654;437,587;487,447;543,659;558,152;657,362;733,135;750,604;675,764;732,781;776,323;808,719;876,402;989,417;1134,367;1296,027;1521,508;1907,386;2275,081;2448,24;2921,499;3448,676;3764,405;4073,982;4357,918;4518,952;4559,08;4889,222;5307,61;5586,333;6043,377;6500,795;6978,642;7491,416
Emerging and Developing Europe;1997,982;2056,423;2062,199;1990,753;1887,987;1944,589;2047,401;2163,464;2415,194;2517,611;2615,522;2533,953;2635,408;2873,631;2595,596;3318,912;3457,039;3494,536;3714,843;3475,212;3535,92;3303,624;3762,603;4623,215;5702,882;6811,547;7562,331;9434,297;11106,829;9290,474;10135,544;11025,827;10805,505;11550,307;11611,044;10366,453;10438,794;10913,892;10607,969;10421,489;11525,571;12583,785;13453,218;14214,908
Emerging market and developing economies;866,012;886,646;821,545;791,786;778,288;776,787;777,898;841,674;911,852;978,473;1258,062;1150,288;944,338;1050,004;1116,263;1263,952;1387,081;1449,558;1363,973;1301,899;1405,849;1392,998;1360,514;1508,883;1771,793;2091,873;2444,468;2971,995;3521,025;3318,129;3938,231;4593,062;4793,558;5019,124;5115,681;4777,379;4694,772;5025,155;5241,87;5413,234;5766,591;6114,979;6475,775;6861,65
Euro area;no data;no data;no data;no data;no data;no data;no data;no data;no data;no data;no data;19655,46;21583,334;19523,361;20556,726;24203,176;24516,052;21959,818;22304,242;22301,973;20272,699;20492,212;22258,789;27276,488;31097,529;32117,428;33918,289;38919,574;42595,085;38711,215;37805,046;40779,169;37754,724;39302,077;40058,041;34519,854;35193,938;37078,391;40237,117;41027,258;42995,51;44713,32;46628,567;48418,442
European Union;8799,014;7865,608;7577,679;7357,727;7046,781;7286,925;9795,446;12001,554;13410,856;13599,591;16579,843;17556,318;18726,283;16770,486;17790,719;19957,246;20369,405;19221,586;19864,148;19811,95;18397,517;18539,494;20209,807;24488,97;28145,972;29329,927;31162,309;35893,659;38647,546;34344,658;34010,513;36626,899;34429,169;35807,144;36967,148;32428,147;32505,754;33993,617;36736,21;37417,275;39198,902;40804,458;42618,475;44346,296
Latin America and the Caribbean;2473,283;2616,681;2101,673;1868,943;1903,401;2009,98;1952,909;2042,683;2263,655;2499,162;2719,872;2863,767;3082,17;3417,08;3808,4;4061,725;4283,368;4624,249;4587,368;4050,573;4367,758;4197,175;3675,396;3690,655;4192,472;5035,389;5837,685;6825,802;7845,813;7142,32;8831,829;10168,301;10101,179;10134,827;9966,354;8543,148;8162,711;8909,781;8394,884;8417,305;8790,747;9165,656;9561,961;9975,245
Major advanced economies (G7);11235,019;11509,669;11394,758;11958,869;12522,353;13206,373;15880,346;18147,437;20279,429;20905,289;22927,704;24342,342;25928,38;26242,71;27880,754;30212,925;29982,245;29429,271;29650,748;31062,987;31613,299;31049,955;31859,151;34960,54;38168,271;39632,781;41101,718;43892,856;45709,52;43331,65;44734,085;47289,26;47308,042;47112,57;48047,455;45941,649;46956,537;48294,476;50912,267;52510,485;54411,538;56236,336;58180,865;60111,152
Middle East and North Africa;2942,687;2999,923;2855,753;2816,198;2745,492;2747,982;2700,238;3147,152;3219,956;3583,24;4229,097;2883,214;1948,578;2001,136;2083,258;2265,646;2541,169;2673,025;2627,235;2963,121;3477,269;3274,633;2588,721;2708,606;3185,38;3829,314;4434,083;5151,182;6217,551;5408,329;6225,155;7629,534;7572,74;7575,239;7517,366;6460,581;6283,182;6263,765;6738,719;6794,266;6972,654;7104,405;7271,545;7488,624
Middle East, North Africa, Afghanistan, and Pakistan;2133,742;2193,055;2104,367;2065,535;2027,577;2028,65;1997,881;2309,117;2377,728;2631,962;3116,032;2188,837;1532,339;1573,614;1627,564;1776,01;1970,105;2052,587;2014,034;2243,327;2588,233;2435,688;1877,883;2010,097;2358,836;2815,906;3257,678;3769,907;4502,232;3947,239;4511,21;5404,25;5386,302;5391,56;5374,096;4707,015;4590,86;4615,906;4927,101;4946,783;5097,036;5215,014;5355,687;5531,005
Other advanced economies;6817,514;6864,753;6728,506;6635,893;6884,012;6797,113;8205,525;9999,896;11663,555;12554,569;14296,067;15002,38;15830,889;15454,187;17177,607;18571,173;19608,683;18840,177;16875,5;17941,237;18359,435;17616,85;19030,774;21789,869;24730,162;27090,336;29099,739;32984,065;34522,975;31432,102;35902,582;40717,829;40670,913;41696,192;42085,666;38314,241;38718,275;41234,567;43286,119;44257,735;46150,218;47952,774;50015,053;52108,623
Sub-Saharan Africa;no data;no data;no data;no data;no data;no data;no data;no data;no data;no data;817,031;801,826;765,441;745,986;706,283;845,95;923,105;936,451;917,439;637,737;630,143;586,265;615,814;749,513;903,252;1038,752;1172,134;1319,472;1484,839;1388,076;1606,241;1778,543;1827,463;1877,885;1917,014;1671,745;1515,695;1595,049;1657,597;1719,666;1814,58;1911,941;2025,83;2146,664
World;2842,99;2856,621;2753,845;2778,836;2830,283;2908,017;3360,945;3803,147;4207,155;4350,719;4742,288;4842,526;4790,938;4840,368;5120,253;5614,78;5681,607;5583,91;5440,649;5558,364;5661,922;5549,25;5644,81;6233,877;6930,444;7419,247;7937,932;8849,907;9585,902;8972,595;9693,808;10655,595;10726,457;10903,268;11067,857;10351,965;10375,448;10848,702;11367,903;11672,816;12200,528;12705,556;13239,279;13791,216